-- phpMyAdmin SQL Dump
-- version 5.2.0
-- https://www.phpmyadmin.net/
--
-- Host: 127.0.0.1
-- Generation Time: Jan 08, 2023 at 05:51 PM
-- Server version: 10.4.25-MariaDB
-- PHP Version: 8.1.10

SET SQL_MODE = "NO_AUTO_VALUE_ON_ZERO";
START TRANSACTION;
SET time_zone = "+00:00";


/*!40101 SET @OLD_CHARACTER_SET_CLIENT=@@CHARACTER_SET_CLIENT */;
/*!40101 SET @OLD_CHARACTER_SET_RESULTS=@@CHARACTER_SET_RESULTS */;
/*!40101 SET @OLD_COLLATION_CONNECTION=@@COLLATION_CONNECTION */;
/*!40101 SET NAMES utf8mb4 */;

--
-- Database: `advanced`
--

-- --------------------------------------------------------

--
-- Table structure for table `city`
--

CREATE TABLE `city` (
  `id` int(11) NOT NULL,
  `name` varchar(255) NOT NULL,
  `state_id` int(11) NOT NULL,
  `status` int(11) NOT NULL
) ENGINE=InnoDB DEFAULT CHARSET=utf8mb4;

--
-- Dumping data for table `city`
--

INSERT INTO `city` (`id`, `name`, `state_id`, `status`) VALUES
(1, 'Bamboo Flat', 4023, 1),
(2, 'Nicobar', 4023, 1),
(3, 'Port Blair', 4023, 1),
(4, 'South Andaman', 4023, 1),
(5, 'Addanki', 4017, 1),
(6, 'Adoni', 4017, 1),
(7, 'Akasahebpet', 4017, 1),
(8, 'Akividu', 4017, 1),
(9, 'Akkarampalle', 4017, 1),
(10, 'Amalapuram', 4017, 1),
(11, 'Amudalavalasa', 4017, 1),
(12, 'Anakapalle', 4017, 1),
(13, 'Anantapur', 4017, 1),
(14, 'Atmakur', 4017, 1),
(15, 'Attili', 4017, 1),
(16, 'Avanigadda', 4017, 1),
(17, 'Badvel', 4017, 1),
(18, 'Banganapalle', 4017, 1),
(19, 'Bapatla', 4017, 1),
(20, 'Betamcherla', 4017, 1),
(21, 'Bhattiprolu', 4017, 1),
(22, 'Bhimavaram', 4017, 1),
(23, 'Bhimunipatnam', 4017, 1),
(24, 'Bobbili', 4017, 1),
(25, 'Challapalle', 4017, 1),
(26, 'Chemmumiahpet', 4017, 1),
(27, 'Chilakalurupet', 4017, 1),
(28, 'Chinnachowk', 4017, 1),
(29, 'Chipurupalle', 4017, 1),
(30, 'Chirala', 4017, 1),
(31, 'Chittoor', 4017, 1),
(32, 'Chodavaram', 4017, 1),
(33, 'Cuddapah', 4017, 1),
(34, 'Cumbum', 4017, 1),
(35, 'Darsi', 4017, 1),
(36, 'Dharmavaram', 4017, 1),
(37, 'Dhone', 4017, 1),
(38, 'Diguvametta', 4017, 1),
(39, 'East Godavari', 4017, 1),
(40, 'Elamanchili', 4017, 1),
(41, 'Ellore', 4017, 1),
(42, 'Emmiganur', 4017, 1),
(43, 'Erraguntla', 4017, 1),
(44, 'Etikoppaka', 4017, 1),
(45, 'Gajuwaka', 4017, 1),
(46, 'Ganguvada', 4017, 1),
(47, 'Gannavaram', 4017, 1),
(48, 'Giddalur', 4017, 1),
(49, 'Gokavaram', 4017, 1),
(50, 'Gorantla', 4017, 1),
(51, 'GovindapuramChilakaluripetGuntur', 4017, 1),
(52, 'Gudivada', 4017, 1),
(53, 'Gudlavalleru', 4017, 1),
(54, 'Gudur', 4017, 1),
(55, 'Guntakal Junction', 4017, 1),
(56, 'Guntur', 4017, 1),
(57, 'Hindupur', 4017, 1),
(58, 'Ichchapuram', 4017, 1),
(59, 'Jaggayyapeta', 4017, 1),
(60, 'Jammalamadugu', 4017, 1),
(61, 'Kadiri', 4017, 1),
(62, 'Kaikalur', 4017, 1),
(63, 'Kakinada', 4017, 1),
(64, 'Kalyandurg', 4017, 1),
(65, 'Kamalapuram', 4017, 1),
(66, 'Kandukur', 4017, 1),
(67, 'Kanigiri', 4017, 1),
(68, 'Kankipadu', 4017, 1),
(69, 'Kanuru', 4017, 1),
(70, 'Kavali', 4017, 1),
(71, 'Kolanukonda', 4017, 1),
(72, 'Kondapalle', 4017, 1),
(73, 'Korukollu', 4017, 1),
(74, 'Kosigi', 4017, 1),
(75, 'Kovvur', 4017, 1),
(76, 'Krishna', 4017, 1),
(77, 'Kuppam', 4017, 1),
(78, 'Kurnool', 4017, 1),
(79, 'Macherla', 4017, 1),
(80, 'Machilipatnam', 4017, 1),
(81, 'Madanapalle', 4017, 1),
(82, 'Madugula', 4017, 1),
(83, 'Mandapeta', 4017, 1),
(84, 'Mandasa', 4017, 1),
(85, 'Mangalagiri', 4017, 1),
(86, 'Markapur', 4017, 1),
(87, 'Nagari', 4017, 1),
(88, 'Nagireddipalli', 4017, 1),
(89, 'Nandigama', 4017, 1),
(90, 'Nandikotkur', 4017, 1),
(91, 'Nandyal', 4017, 1),
(92, 'Narasannapeta', 4017, 1),
(93, 'Narasapur', 4017, 1),
(94, 'Narasaraopet', 4017, 1),
(95, 'Narasingapuram', 4017, 1),
(96, 'Narayanavanam', 4017, 1),
(97, 'Narsipatnam', 4017, 1),
(98, 'Nayudupet', 4017, 1),
(99, 'Nellore', 4017, 1),
(100, 'Nidadavole', 4017, 1),
(101, 'Nuzvid', 4017, 1),
(102, 'Ongole', 4017, 1),
(103, 'Pakala', 4017, 1),
(104, 'Palakollu', 4017, 1),
(105, 'Palasa', 4017, 1),
(106, 'Palkonda', 4017, 1),
(107, 'Pallevada', 4017, 1),
(108, 'Palmaner', 4017, 1),
(109, 'Parlakimidi', 4017, 1),
(110, 'Parvatipuram', 4017, 1),
(111, 'Pavuluru', 4017, 1),
(112, 'Pedana', 4017, 1),
(113, 'pedda nakkalapalem', 4017, 1),
(114, 'Peddapuram', 4017, 1),
(115, 'Penugonda', 4017, 1),
(116, 'Penukonda', 4017, 1),
(117, 'Phirangipuram', 4017, 1),
(118, 'Pippara', 4017, 1),
(119, 'Pithapuram', 4017, 1),
(120, 'Polavaram', 4017, 1),
(121, 'Ponnur', 4017, 1),
(122, 'Ponnuru', 4017, 1),
(123, 'Prakasam', 4017, 1),
(124, 'Proddatur', 4017, 1),
(125, 'Pulivendla', 4017, 1),
(126, 'Punganuru', 4017, 1),
(127, 'Puttaparthi', 4017, 1),
(128, 'Puttur', 4017, 1),
(129, 'Rajahmundry', 4017, 1),
(130, 'Ramachandrapuram', 4017, 1),
(131, 'Ramanayyapeta', 4017, 1),
(132, 'Ramapuram', 4017, 1),
(133, 'Rampachodavaram', 4017, 1),
(134, 'Rayachoti', 4017, 1),
(135, 'Rayadrug', 4017, 1),
(136, 'Razam', 4017, 1),
(137, 'Razampeta', 4017, 1),
(138, 'Razole', 4017, 1),
(139, 'Renigunta', 4017, 1),
(140, 'Repalle', 4017, 1),
(141, 'Salur', 4017, 1),
(142, 'Samalkot', 4017, 1),
(143, 'Sattenapalle', 4017, 1),
(144, 'Singarayakonda', 4017, 1),
(145, 'Sompeta', 4017, 1),
(146, 'Srikakulam', 4017, 1),
(147, 'Srisailain', 4017, 1),
(148, 'Suluru', 4017, 1),
(149, 'Tadepalle', 4017, 1),
(150, 'Tadepallegudem', 4017, 1),
(151, 'Tadpatri', 4017, 1),
(152, 'Tanuku', 4017, 1),
(153, 'Tekkali', 4017, 1),
(154, 'Tirumala', 4017, 1),
(155, 'Tirupati', 4017, 1),
(156, 'Tuni', 4017, 1),
(157, 'Uravakonda', 4017, 1),
(158, 'vadlamuru', 4017, 1),
(159, 'Vadlapudi', 4017, 1),
(160, 'Venkatagiri', 4017, 1),
(161, 'Vepagunta', 4017, 1),
(162, 'Vetapalem', 4017, 1),
(163, 'Vijayawada', 4017, 1),
(164, 'Vinukonda', 4017, 1),
(165, 'Visakhapatnam', 4017, 1),
(166, 'Vizianagaram', 4017, 1),
(167, 'Vizianagaram District', 4017, 1),
(168, 'Vuyyuru', 4017, 1),
(169, 'West Godavari', 4017, 1),
(170, 'Yanam', 4017, 1),
(171, 'Yanamalakuduru', 4017, 1),
(172, 'Yarada', 4017, 1),
(173, 'Along', 4024, 1),
(174, 'Anjaw', 4024, 1),
(175, 'Basar', 4024, 1),
(176, 'Bomdila', 4024, 1),
(177, 'Changlang', 4024, 1),
(178, 'Dibang Valley', 4024, 1),
(179, 'East Kameng', 4024, 1),
(180, 'East Siang', 4024, 1),
(181, 'Hayuliang', 4024, 1),
(182, 'Itanagar', 4024, 1),
(183, 'Khonsa', 4024, 1),
(184, 'Kurung Kumey', 4024, 1),
(185, 'Lohit District', 4024, 1),
(186, 'Lower Dibang Valley', 4024, 1),
(187, 'Lower Subansiri', 4024, 1),
(188, 'Margherita', 4024, 1),
(189, 'Naharlagun', 4024, 1),
(190, 'Pasighat', 4024, 1),
(191, 'Tawang', 4024, 1),
(192, 'Tezu', 4024, 1),
(193, 'Tirap', 4024, 1),
(194, 'Upper Siang', 4024, 1),
(195, 'Upper Subansiri', 4024, 1),
(196, 'West Kameng', 4024, 1),
(197, 'West Siang', 4024, 1),
(198, 'Ziro', 4024, 1),
(199, 'Abhayapuri', 4027, 1),
(200, 'Amguri', 4027, 1),
(201, 'Badarpur', 4027, 1),
(202, 'Baksa', 4027, 1),
(203, 'Barpathar', 4027, 1),
(204, 'Barpeta', 4027, 1),
(205, 'Barpeta Road', 4027, 1),
(206, 'Basugaon', 4027, 1),
(207, 'Bihpuriagaon', 4027, 1),
(208, 'Bijni', 4027, 1),
(209, 'Bilasipara', 4027, 1),
(210, 'Bokajan', 4027, 1),
(211, 'Bokakhat', 4027, 1),
(212, 'Bongaigaon', 4027, 1),
(213, 'Cachar', 4027, 1),
(214, 'Chabua', 4027, 1),
(215, 'Chapar', 4027, 1),
(216, 'Chirang', 4027, 1),
(217, 'Darrang', 4027, 1),
(218, 'Dergaon', 4027, 1),
(219, 'Dhekiajuli', 4027, 1),
(220, 'Dhemaji', 4027, 1),
(221, 'Dhing', 4027, 1),
(222, 'Dhubri', 4027, 1),
(223, 'Dibrugarh', 4027, 1),
(224, 'Digboi', 4027, 1),
(225, 'Dima Hasao District', 4027, 1),
(226, 'Diphu', 4027, 1),
(227, 'Dispur', 4027, 1),
(228, 'Duliagaon', 4027, 1),
(229, 'Dum Duma', 4027, 1),
(230, 'Gauripur', 4027, 1),
(231, 'Goalpara', 4027, 1),
(232, 'Gohpur', 4027, 1),
(233, 'Golaghat', 4027, 1),
(234, 'Golakganj', 4027, 1),
(235, 'Goshaingaon', 4027, 1),
(236, 'Guwahati', 4027, 1),
(237, 'Haflong', 4027, 1),
(238, 'Hailakandi', 4027, 1),
(239, 'Hajo', 4027, 1),
(240, 'Hojai', 4027, 1),
(241, 'Howli', 4027, 1),
(242, 'Jogighopa', 4027, 1),
(243, 'Jorhat', 4027, 1),
(244, 'Kamrup', 4027, 1),
(245, 'Kamrup Metropolitan', 4027, 1),
(246, 'Karbi Anglong', 4027, 1),
(247, 'Karimganj', 4027, 1),
(248, 'Kharupatia', 4027, 1),
(249, 'Kokrajhar', 4027, 1),
(250, 'Lakhimpur', 4027, 1),
(251, 'Lakhipur', 4027, 1),
(252, 'Lala', 4027, 1),
(253, 'Lumding Railway Colony', 4027, 1),
(254, 'Mahur', 4027, 1),
(255, 'Maibong', 4027, 1),
(256, 'Makum', 4027, 1),
(257, 'Mangaldai', 4027, 1),
(258, 'Mariani', 4027, 1),
(259, 'Moranha', 4027, 1),
(260, 'Morigaon', 4027, 1),
(261, 'Nagaon', 4027, 1),
(262, 'Nahorkatiya', 4027, 1),
(263, 'Nalbari', 4027, 1),
(264, 'Namrup', 4027, 1),
(265, 'Nazira', 4027, 1),
(266, 'North Guwahati', 4027, 1),
(267, 'North Lakhimpur', 4027, 1),
(268, 'Numaligarh', 4027, 1),
(269, 'Palasbari', 4027, 1),
(270, 'Raha', 4027, 1),
(271, 'Rangapara', 4027, 1),
(272, 'Rangia', 4027, 1),
(273, 'Sapatgram', 4027, 1),
(274, 'Sarupathar', 4027, 1),
(275, 'Sibsagar', 4027, 1),
(276, 'Silapathar', 4027, 1),
(277, 'Silchar', 4027, 1),
(278, 'Soalkuchi', 4027, 1),
(279, 'Sonari', 4027, 1),
(280, 'Sonitpur', 4027, 1),
(281, 'Sorbhog', 4027, 1),
(282, 'Tezpur', 4027, 1),
(283, 'Tinsukia', 4027, 1),
(284, 'Titabar', 4027, 1),
(285, 'Udalguri', 4027, 1),
(286, 'Amarpur', 4037, 1),
(287, 'Araria', 4037, 1),
(288, 'Arrah', 4037, 1),
(289, 'Arwal', 4037, 1),
(290, 'Asarganj', 4037, 1),
(291, 'Aurangabad', 4037, 1),
(292, 'Bagaha', 4037, 1),
(293, 'Bahadurganj', 4037, 1),
(294, 'Bairagnia', 4037, 1),
(295, 'Baisi', 4037, 1),
(296, 'Bakhtiyarpur', 4037, 1),
(297, 'Bangaon', 4037, 1),
(298, 'Banka', 4037, 1),
(299, 'Banmankhi', 4037, 1),
(300, 'Bar Bigha', 4037, 1),
(301, 'Barauli', 4037, 1),
(302, 'Barh', 4037, 1),
(303, 'Barhiya', 4037, 1),
(304, 'Bariarpur', 4037, 1),
(305, 'Baruni', 4037, 1),
(306, 'Begusarai', 4037, 1),
(307, 'Belsand', 4037, 1),
(308, 'Bettiah', 4037, 1),
(309, 'Bhabhua', 4037, 1),
(310, 'Bhagalpur', 4037, 1),
(311, 'Bhagirathpur', 4037, 1),
(312, 'Bhawanipur', 4037, 1),
(313, 'Bhojpur', 4037, 1),
(314, 'Bihar Sharif', 4037, 1),
(315, 'Bihariganj', 4037, 1),
(316, 'Bikramganj', 4037, 1),
(317, 'Birpur', 4037, 1),
(318, 'Buddh Gaya', 4037, 1),
(319, 'Buxar', 4037, 1),
(320, 'Chakia', 4037, 1),
(321, 'Chapra', 4037, 1),
(322, 'Chhatapur', 4037, 1),
(323, 'Colgong', 4037, 1),
(324, 'Dalsingh Sarai', 4037, 1),
(325, 'Darbhanga', 4037, 1),
(326, 'Daudnagar', 4037, 1),
(327, 'Dehri', 4037, 1),
(328, 'Dhaka', 4037, 1),
(329, 'Dighwara', 4037, 1),
(330, 'Dinapore', 4037, 1),
(331, 'Dumra', 4037, 1),
(332, 'Dumraon', 4037, 1),
(333, 'Fatwa', 4037, 1),
(334, 'Forbesganj', 4037, 1),
(335, 'Gaya', 4037, 1),
(336, 'Ghoga', 4037, 1),
(337, 'Gopalganj', 4037, 1),
(338, 'Hajipur', 4037, 1),
(339, 'Hilsa', 4037, 1),
(340, 'Hisua', 4037, 1),
(341, 'Islampur', 4037, 1),
(342, 'Jagdispur', 4037, 1),
(343, 'Jahanabad', 4037, 1),
(344, 'Jamalpur', 4037, 1),
(345, 'Jamui', 4037, 1),
(346, 'Jaynagar', 4037, 1),
(347, 'Jehanabad', 4037, 1),
(348, 'Jha-Jha', 4037, 1),
(349, 'Jhanjharpur', 4037, 1),
(350, 'Jogbani', 4037, 1),
(351, 'Kaimur District', 4037, 1),
(352, 'Kasba', 4037, 1),
(353, 'Katihar', 4037, 1),
(354, 'Khagaria', 4037, 1),
(355, 'Khagaul', 4037, 1),
(356, 'Kharagpur', 4037, 1),
(357, 'Khusropur', 4037, 1),
(358, 'Kishanganj', 4037, 1),
(359, 'Koath', 4037, 1),
(360, 'Koelwar', 4037, 1),
(361, 'Lakhisarai', 4037, 1),
(362, 'Lalganj', 4037, 1),
(363, 'Luckeesarai', 4037, 1),
(364, 'Madhepura', 4037, 1),
(365, 'Madhipura', 4037, 1),
(366, 'Madhubani', 4037, 1),
(367, 'Maharajgani', 4037, 1),
(368, 'Mairwa', 4037, 1),
(369, 'Maner', 4037, 1),
(370, 'Manihari', 4037, 1),
(371, 'Marhaura', 4037, 1),
(372, 'Masaurhi Buzurg', 4037, 1),
(373, 'Mohiuddinnagar', 4037, 1),
(374, 'Mokameh', 4037, 1),
(375, 'Monghyr', 4037, 1),
(376, 'Mothihari', 4037, 1),
(377, 'Munger', 4037, 1),
(378, 'Murliganj', 4037, 1),
(379, 'Muzaffarpur', 4037, 1),
(380, 'Nabinagar', 4037, 1),
(381, 'Nalanda', 4037, 1),
(382, 'Nasriganj', 4037, 1),
(383, 'Naugachhia', 4037, 1),
(384, 'Nawada', 4037, 1),
(385, 'Nirmali', 4037, 1),
(386, 'Pashchim Champaran', 4037, 1),
(387, 'Patna', 4037, 1),
(388, 'Piro', 4037, 1),
(389, 'Pupri', 4037, 1),
(390, 'Purba Champaran', 4037, 1),
(391, 'Purnia', 4037, 1),
(392, 'Rafiganj', 4037, 1),
(393, 'Raghunathpur', 4037, 1),
(394, 'Rajgir', 4037, 1),
(395, 'Ramnagar', 4037, 1),
(396, 'Raxaul', 4037, 1),
(397, 'Revelganj', 4037, 1),
(398, 'Rohtas', 4037, 1),
(399, 'Rusera', 4037, 1),
(400, 'Sagauli', 4037, 1),
(401, 'Saharsa', 4037, 1),
(402, 'Samastipur', 4037, 1),
(403, 'Saran', 4037, 1),
(404, 'Shahbazpur', 4037, 1),
(405, 'Shahpur', 4037, 1),
(406, 'Sheikhpura', 4037, 1),
(407, 'Sheohar', 4037, 1),
(408, 'Sherghati', 4037, 1),
(409, 'Silao', 4037, 1),
(410, 'Sitamarhi', 4037, 1),
(411, 'Siwan', 4037, 1),
(412, 'Supaul', 4037, 1),
(413, 'Teghra', 4037, 1),
(414, 'Tekari', 4037, 1),
(415, 'Thakurganj', 4037, 1),
(416, 'Vaishali', 4037, 1),
(417, 'Waris Aliganj', 4037, 1),
(418, 'Chandigarh', 4031, 1),
(419, 'Akaltara', 4040, 1),
(420, 'Ambagarh Chauki', 4040, 1),
(421, 'Ambikapur', 4040, 1),
(422, 'Arang', 4040, 1),
(423, 'Baikunthpur', 4040, 1),
(424, 'Balod', 4040, 1),
(425, 'Baloda', 4040, 1),
(426, 'Baloda Bazar', 4040, 1),
(427, 'Basna', 4040, 1),
(428, 'Bastar', 4040, 1),
(429, 'Bemetara', 4040, 1),
(430, 'Bhanpuri', 4040, 1),
(431, 'Bhatapara', 4040, 1),
(432, 'Bhatgaon', 4040, 1),
(433, 'Bhilai', 4040, 1),
(434, 'Bijapur', 4040, 1),
(435, 'Bilaspur', 4040, 1),
(436, 'Champa', 4040, 1),
(437, 'Chhuikhadan', 4040, 1),
(438, 'Deori', 4040, 1),
(439, 'Dhamtari', 4040, 1),
(440, 'Dongargaon', 4040, 1),
(441, 'Dongargarh', 4040, 1),
(442, 'Durg', 4040, 1),
(443, 'Gandai', 4040, 1),
(444, 'Gariaband', 4040, 1),
(445, 'Gaurela', 4040, 1),
(446, 'Gharghoda', 4040, 1),
(447, 'Gidam', 4040, 1),
(448, 'Jagdalpur', 4040, 1),
(449, 'Janjgir', 4040, 1),
(450, 'Janjgir-Champa', 4040, 1),
(451, 'Jashpur', 4040, 1),
(452, 'Jashpurnagar', 4040, 1),
(453, 'Junagarh', 4040, 1),
(454, 'Kabeerdham', 4040, 1),
(455, 'Kanker', 4040, 1),
(456, 'Katghora', 4040, 1),
(457, 'Kawardha', 4040, 1),
(458, 'Khairagarh', 4040, 1),
(459, 'Khamharia', 4040, 1),
(460, 'Kharod', 4040, 1),
(461, 'Kharsia', 4040, 1),
(462, 'Kirandul', 4040, 1),
(463, 'Kondagaon', 4040, 1),
(464, 'Korba', 4040, 1),
(465, 'Koriya', 4040, 1),
(466, 'Kota', 4040, 1),
(467, 'Kotaparh', 4040, 1),
(468, 'Kumhari', 4040, 1),
(469, 'Kurud', 4040, 1),
(470, 'Lormi', 4040, 1),
(471, 'Mahasamund', 4040, 1),
(472, 'Mungeli', 4040, 1),
(473, 'Narayanpur', 4040, 1),
(474, 'Narharpur', 4040, 1),
(475, 'Pandaria', 4040, 1),
(476, 'Pandatarai', 4040, 1),
(477, 'Pasan', 4040, 1),
(478, 'Patan', 4040, 1),
(479, 'Pathalgaon', 4040, 1),
(480, 'Pendra', 4040, 1),
(481, 'Pithora', 4040, 1),
(482, 'Raigarh', 4040, 1),
(483, 'Raipur', 4040, 1),
(484, 'Raj Nandgaon', 4040, 1),
(485, 'Raj-Nandgaon', 4040, 1),
(486, 'Ramanuj Ganj', 4040, 1),
(487, 'Ratanpur', 4040, 1),
(488, 'Sakti', 4040, 1),
(489, 'Saraipali', 4040, 1),
(490, 'Sarangarh', 4040, 1),
(491, 'Seorinarayan', 4040, 1),
(492, 'Simga', 4040, 1),
(493, 'Surguja', 4040, 1),
(494, 'Takhatpur', 4040, 1),
(495, 'Umarkot', 4040, 1),
(496, 'Uttar Bastar Kanker', 4040, 1),
(497, 'Amli', 4033, 1),
(498, 'Dadra', 4033, 1),
(499, 'Dadra & Nagar Haveli', 4033, 1),
(500, 'Daman', 4033, 1),
(501, 'Daman District', 4033, 1),
(502, 'Diu', 4033, 1),
(503, 'Silvassa', 4033, 1),
(504, 'Alipur', 4021, 1),
(505, 'Bawana', 4021, 1),
(506, 'Central Delhi', 4021, 1),
(507, 'Delhi', 4021, 1),
(508, 'Deoli', 4021, 1),
(509, 'East Delhi', 4021, 1),
(510, 'Karol Bagh', 4021, 1),
(511, 'Najafgarh', 4021, 1),
(512, 'Nangloi Jat', 4021, 1),
(513, 'Narela', 4021, 1),
(514, 'New Delhi', 4021, 1),
(515, 'North Delhi', 4021, 1),
(516, 'North East Delhi', 4021, 1),
(517, 'North West Delhi', 4021, 1),
(518, 'Pitampura', 4021, 1),
(519, 'Rohini', 4021, 1),
(520, 'South Delhi', 4021, 1),
(521, 'South West Delhi', 4021, 1),
(522, 'West Delhi', 4021, 1),
(523, 'Aldona', 4009, 1),
(524, 'Arambol', 4009, 1),
(525, 'Baga', 4009, 1),
(526, 'Bambolim', 4009, 1),
(527, 'Bandora', 4009, 1),
(528, 'Benaulim', 4009, 1),
(529, 'Calangute', 4009, 1),
(530, 'Candolim', 4009, 1),
(531, 'Carapur', 4009, 1),
(532, 'Cavelossim', 4009, 1),
(533, 'Chicalim', 4009, 1),
(534, 'Chinchinim', 4009, 1),
(535, 'Colovale', 4009, 1),
(536, 'Colva', 4009, 1),
(537, 'Cortalim', 4009, 1),
(538, 'Cuncolim', 4009, 1),
(539, 'Curchorem', 4009, 1),
(540, 'Curti', 4009, 1),
(541, 'Davorlim', 4009, 1),
(542, 'Dicholi', 4009, 1),
(543, 'Goa Velha', 4009, 1),
(544, 'Guirim', 4009, 1),
(545, 'Jua', 4009, 1),
(546, 'Kankon', 4009, 1),
(547, 'Madgaon', 4009, 1),
(548, 'Mapuca', 4009, 1),
(549, 'Morjim', 4009, 1),
(550, 'Mormugao', 4009, 1),
(551, 'Navelim', 4009, 1),
(552, 'North Goa', 4009, 1),
(553, 'Palle', 4009, 1),
(554, 'Panaji', 4009, 1),
(555, 'Pernem', 4009, 1),
(556, 'Ponda', 4009, 1),
(557, 'Quepem', 4009, 1),
(558, 'Queula', 4009, 1),
(559, 'Raia', 4009, 1),
(560, 'Saligao', 4009, 1),
(561, 'Sancoale', 4009, 1),
(562, 'Sanguem', 4009, 1),
(563, 'Sanquelim', 4009, 1),
(564, 'Sanvordem', 4009, 1),
(565, 'Serula', 4009, 1),
(566, 'Solim', 4009, 1),
(567, 'South Goa', 4009, 1),
(568, 'Taleigao', 4009, 1),
(569, 'Vagator', 4009, 1),
(570, 'Valpoy', 4009, 1),
(571, 'Varca', 4009, 1),
(572, 'Vasco da Gama', 4009, 1),
(573, 'Abrama', 4030, 1),
(574, 'Adalaj', 4030, 1),
(575, 'Agol', 4030, 1),
(576, 'Ahmedabad', 4030, 1),
(577, 'Ahwa', 4030, 1),
(578, 'Akrund', 4030, 1),
(579, 'Amod', 4030, 1),
(580, 'Amod', 4030, 1),
(581, 'Amreli', 4030, 1),
(582, 'Amroli', 4030, 1),
(583, 'Anand', 4030, 1),
(584, 'Anjar', 4030, 1),
(585, 'Ankleshwar', 4030, 1),
(586, 'Babra', 4030, 1),
(587, 'Bagasara', 4030, 1),
(588, 'Bagasra', 4030, 1),
(589, 'Bakharla', 4030, 1),
(590, 'Balagam', 4030, 1),
(591, 'Balasinor', 4030, 1),
(592, 'Balisana', 4030, 1),
(593, 'Bamanbore', 4030, 1),
(594, 'Banas Kantha', 4030, 1),
(595, 'Bandia', 4030, 1),
(596, 'Bantva', 4030, 1),
(597, 'Bardoli', 4030, 1),
(598, 'Bedi', 4030, 1),
(599, 'Bhachau', 4030, 1),
(600, 'Bhadran', 4030, 1),
(601, 'Bhandu', 4030, 1),
(602, 'Bhanvad', 4030, 1),
(603, 'Bharuch', 4030, 1),
(604, 'Bhatha', 4030, 1),
(605, 'Bhavnagar', 4030, 1),
(606, 'Bhayavadar', 4030, 1),
(607, 'Bhildi', 4030, 1),
(608, 'Bhojpur Dharampur', 4030, 1),
(609, 'Bhuj', 4030, 1),
(610, 'Bilimora', 4030, 1),
(611, 'Bilkha', 4030, 1),
(612, 'Borsad', 4030, 1),
(613, 'Botad', 4030, 1),
(614, 'Chaklasi', 4030, 1),
(615, 'Chalala', 4030, 1),
(616, 'Chaloda', 4030, 1),
(617, 'Champaner', 4030, 1),
(618, 'Chanasma', 4030, 1),
(619, 'Chhala', 4030, 1),
(620, 'Chhota Udepur', 4030, 1),
(621, 'Chikhli', 4030, 1),
(622, 'Chotila', 4030, 1),
(623, 'Chuda', 4030, 1),
(624, 'Dabhoda', 4030, 1),
(625, 'Dabhoi', 4030, 1),
(626, 'Dahegam', 4030, 1),
(627, 'Dahod', 4030, 1),
(628, 'Dakor', 4030, 1),
(629, 'Damnagar', 4030, 1),
(630, 'Dandi', 4030, 1),
(631, 'Dangs (India)', 4030, 1),
(632, 'Danta', 4030, 1),
(633, 'Dayapar', 4030, 1),
(634, 'Delvada', 4030, 1),
(635, 'Delwada', 4030, 1),
(636, 'Detroj', 4030, 1),
(637, 'Devbhumi Dwarka', 4030, 1),
(638, 'Devgadh Bariya', 4030, 1),
(639, 'Dhandhuka', 4030, 1),
(640, 'Dhanera', 4030, 1),
(641, 'Dhansura', 4030, 1),
(642, 'Dharampur', 4030, 1),
(643, 'Dharasana', 4030, 1),
(644, 'Dhari', 4030, 1),
(645, 'Dhasa', 4030, 1),
(646, 'Dhola', 4030, 1),
(647, 'Dholera', 4030, 1),
(648, 'Dholka', 4030, 1),
(649, 'Dhoraji', 4030, 1),
(650, 'Dhrangadhra', 4030, 1),
(651, 'Dhrol', 4030, 1),
(652, 'Dhuwaran', 4030, 1),
(653, 'Disa', 4030, 1),
(654, 'Dohad', 4030, 1),
(655, 'Dumkhal', 4030, 1),
(656, 'Dungarpur', 4030, 1),
(657, 'Dwarka', 4030, 1),
(658, 'Gadhada', 4030, 1),
(659, 'Gandevi', 4030, 1),
(660, 'Gandhidham', 4030, 1),
(661, 'Gandhinagar', 4030, 1),
(662, 'Gariadhar', 4030, 1),
(663, 'Ghodasar', 4030, 1),
(664, 'Ghogha', 4030, 1),
(665, 'Gir Somnath', 4030, 1),
(666, 'Godhra', 4030, 1),
(667, 'Gondal', 4030, 1),
(668, 'Gorwa', 4030, 1),
(669, 'Halenda', 4030, 1),
(670, 'Halol', 4030, 1),
(671, 'Halvad', 4030, 1),
(672, 'Hansot', 4030, 1),
(673, 'Harij', 4030, 1),
(674, 'Harsol', 4030, 1),
(675, 'Hathuran', 4030, 1),
(676, 'Himatnagar', 4030, 1),
(677, 'Idar', 4030, 1),
(678, 'Jakhau', 4030, 1),
(679, 'Jalalpore', 4030, 1),
(680, 'Jalalpur', 4030, 1),
(681, 'Jalia', 4030, 1),
(682, 'Jambuda', 4030, 1),
(683, 'Jambusar', 4030, 1),
(684, 'Jamnagar', 4030, 1),
(685, 'Jarod', 4030, 1),
(686, 'Jasdan', 4030, 1),
(687, 'Jetalpur', 4030, 1),
(688, 'Jetalsar', 4030, 1),
(689, 'Jetpur', 4030, 1),
(690, 'Jetpur (Navagadh)', 4030, 1),
(691, 'Jhalod', 4030, 1),
(692, 'Jhulasan', 4030, 1),
(693, 'Jodhpur', 4030, 1),
(694, 'Jodhpur (Ahmedabad)', 4030, 1),
(695, 'Jodia', 4030, 1),
(696, 'Jodiya Bandar', 4030, 1),
(697, 'Junagadh', 4030, 1),
(698, 'Kachchh', 4030, 1),
(699, 'Kachholi', 4030, 1),
(700, 'Kadi', 4030, 1),
(701, 'Kadod', 4030, 1),
(702, 'Kalavad', 4030, 1),
(703, 'Kalol', 4030, 1),
(704, 'Kandla', 4030, 1),
(705, 'Kandla port', 4030, 1),
(706, 'Kanodar', 4030, 1),
(707, 'Kapadvanj', 4030, 1),
(708, 'Karamsad', 4030, 1),
(709, 'Kariana', 4030, 1),
(710, 'Karjan', 4030, 1),
(711, 'Kathor', 4030, 1),
(712, 'Katpur', 4030, 1),
(713, 'Kavant', 4030, 1),
(714, 'Kawant', 4030, 1),
(715, 'Kayavarohan', 4030, 1),
(716, 'Kerwada', 4030, 1),
(717, 'Keshod', 4030, 1),
(718, 'Khambhalia', 4030, 1),
(719, 'Khambhat', 4030, 1),
(720, 'Khavda', 4030, 1),
(721, 'Kheda', 4030, 1),
(722, 'Khedbrahma', 4030, 1),
(723, 'Khedoi', 4030, 1),
(724, 'Kherali', 4030, 1),
(725, 'Kheralu', 4030, 1),
(726, 'Kodinar', 4030, 1),
(727, 'Kosamba', 4030, 1),
(728, 'Kothara', 4030, 1),
(729, 'Kotharia', 4030, 1),
(730, 'Kukarmunda', 4030, 1),
(731, 'Kukma', 4030, 1),
(732, 'Kundla', 4030, 1),
(733, 'Kutch district', 4030, 1),
(734, 'Kutiyana', 4030, 1),
(735, 'Ladol', 4030, 1),
(736, 'Lakhpat', 4030, 1),
(737, 'Lakhtar', 4030, 1),
(738, 'Lalpur', 4030, 1),
(739, 'Langhnaj', 4030, 1),
(740, 'Lathi', 4030, 1),
(741, 'Limbdi', 4030, 1),
(742, 'Limkheda', 4030, 1),
(743, 'Lunavada', 4030, 1),
(744, 'Madhavpur Ghed', 4030, 1),
(745, 'Madhi', 4030, 1),
(746, 'Mahemdavad', 4030, 1),
(747, 'Mahesana', 4030, 1),
(748, 'Mahisa', 4030, 1),
(749, 'Mahudha', 4030, 1),
(750, 'Mahuva', 4030, 1),
(751, 'Mahuva (Surat)', 4030, 1),
(752, 'Malpur', 4030, 1),
(753, 'Manavadar', 4030, 1),
(754, 'Mandal', 4030, 1),
(755, 'Mandvi', 4030, 1),
(756, 'Mandvi (Surat)', 4030, 1),
(757, 'Mangrol', 4030, 1),
(758, 'Mangrol (Junagadh)', 4030, 1),
(759, 'Mansa', 4030, 1),
(760, 'Meghraj', 4030, 1),
(761, 'Mehsana', 4030, 1),
(762, 'Mendarda', 4030, 1),
(763, 'Mithapur', 4030, 1),
(764, 'Modasa', 4030, 1),
(765, 'Morbi', 4030, 1),
(766, 'Morva (Hadaf)', 4030, 1),
(767, 'Morwa', 4030, 1),
(768, 'Mundra', 4030, 1),
(769, 'Nadiad', 4030, 1),
(770, 'Nadiad', 4030, 1),
(771, 'Nagwa', 4030, 1),
(772, 'Naldhara', 4030, 1),
(773, 'Naliya', 4030, 1),
(774, 'Nargol', 4030, 1),
(775, 'Narmada', 4030, 1),
(776, 'Naroda', 4030, 1),
(777, 'Navsari', 4030, 1),
(778, 'Nikora', 4030, 1),
(779, 'Nizar', 4030, 1),
(780, 'Odadar', 4030, 1),
(781, 'Okha', 4030, 1),
(782, 'Olpad', 4030, 1),
(783, 'Paddhari', 4030, 1),
(784, 'Padra', 4030, 1),
(785, 'Palanpur', 4030, 1),
(786, 'Palanswa', 4030, 1),
(787, 'Palitana', 4030, 1),
(788, 'Paliyad', 4030, 1),
(789, 'Paliyad (Bhavnagar)', 4030, 1),
(790, 'Palsana', 4030, 1),
(791, 'Panch Mahals', 4030, 1),
(792, 'Panchmahal district', 4030, 1),
(793, 'Pardi', 4030, 1),
(794, 'Parnera', 4030, 1),
(795, 'Patan', 4030, 1),
(796, 'Pavi Jetpur', 4030, 1),
(797, 'Petlad', 4030, 1),
(798, 'Pipavav', 4030, 1),
(799, 'Piplod', 4030, 1),
(800, 'Porbandar', 4030, 1),
(801, 'Prabhas Patan', 4030, 1),
(802, 'Prantij', 4030, 1),
(803, 'Radhanpur', 4030, 1),
(804, 'Rajkot', 4030, 1),
(805, 'Rajpipla', 4030, 1),
(806, 'Rajula', 4030, 1),
(807, 'Ranavav', 4030, 1),
(808, 'Ranpur', 4030, 1),
(809, 'Rapar', 4030, 1),
(810, 'Reha', 4030, 1),
(811, 'Roha', 4030, 1),
(812, 'Sabar Kantha', 4030, 1),
(813, 'Sachin', 4030, 1),
(814, 'Salaya', 4030, 1),
(815, 'Samakhiali', 4030, 1),
(816, 'Sanand', 4030, 1),
(817, 'Sankheda', 4030, 1),
(818, 'Sarbhon', 4030, 1),
(819, 'Sardoi', 4030, 1),
(820, 'Sarkhej', 4030, 1),
(821, 'Sathamba', 4030, 1),
(822, 'Savarkundla', 4030, 1),
(823, 'Savli', 4030, 1),
(824, 'Sayla', 4030, 1),
(825, 'Shahpur', 4030, 1),
(826, 'Shivrajpur', 4030, 1),
(827, 'Siddhpur', 4030, 1),
(828, 'Sihor', 4030, 1),
(829, 'Sikka', 4030, 1),
(830, 'Sinor', 4030, 1),
(831, 'Sojitra', 4030, 1),
(832, 'Songadh', 4030, 1),
(833, 'Supedi', 4030, 1),
(834, 'Surat', 4030, 1),
(835, 'Surendranagar', 4030, 1),
(836, 'Sutrapada', 4030, 1),
(837, 'Talaja', 4030, 1),
(838, 'Tankara', 4030, 1),
(839, 'Tapi', 4030, 1),
(840, 'Than', 4030, 1),
(841, 'Thangadh', 4030, 1),
(842, 'Tharad', 4030, 1),
(843, 'Thasra', 4030, 1),
(844, 'The Dangs', 4030, 1),
(845, 'Umarpada', 4030, 1),
(846, 'Umrala', 4030, 1),
(847, 'Umreth', 4030, 1),
(848, 'Un', 4030, 1),
(849, 'Una', 4030, 1),
(850, 'Unjha', 4030, 1),
(851, 'Upleta', 4030, 1),
(852, 'Utran', 4030, 1),
(853, 'Vadgam', 4030, 1),
(854, 'Vadnagar', 4030, 1),
(855, 'Vadodara', 4030, 1),
(856, 'Vaghodia', 4030, 1),
(857, 'Vaghodia INA', 4030, 1),
(858, 'Vallabh Vidyanagar', 4030, 1),
(859, 'Vallabhipur', 4030, 1),
(860, 'Valsad', 4030, 1),
(861, 'Vanala', 4030, 1),
(862, 'Vansda', 4030, 1),
(863, 'Vanthli', 4030, 1),
(864, 'Vapi', 4030, 1),
(865, 'Vartej', 4030, 1),
(866, 'Vasa', 4030, 1),
(867, 'Vasavad', 4030, 1),
(868, 'Vaso', 4030, 1),
(869, 'Vataman', 4030, 1),
(870, 'Vejalpur', 4030, 1),
(871, 'Veraval', 4030, 1),
(872, 'Vijapur', 4030, 1),
(873, 'Vinchhiya', 4030, 1),
(874, 'Vinchia', 4030, 1),
(875, 'Viramgam', 4030, 1),
(876, 'Virpur', 4030, 1),
(877, 'Visavadar', 4030, 1),
(878, 'Visnagar', 4030, 1),
(879, 'Vyara', 4030, 1),
(880, 'Wadhai', 4030, 1),
(881, 'Wadhwan', 4030, 1),
(882, 'Waghai', 4030, 1),
(883, 'Wankaner', 4030, 1),
(884, 'Ambala', 4007, 1),
(885, 'Asandh', 4007, 1),
(886, 'Ateli Mandi', 4007, 1),
(887, 'Bahadurgarh', 4007, 1),
(888, 'Bara Uchana', 4007, 1),
(889, 'Barwala', 4007, 1),
(890, 'Bawal', 4007, 1),
(891, 'Beri Khas', 4007, 1),
(892, 'Bhiwani', 4007, 1),
(893, 'Bilaspur', 4007, 1),
(894, 'Buriya', 4007, 1),
(895, 'Charkhi Dadri', 4007, 1),
(896, 'Chhachhrauli', 4007, 1),
(897, 'Dabwali', 4007, 1),
(898, 'Dharuhera', 4007, 1),
(899, 'Ellenabad', 4007, 1),
(900, 'Faridabad', 4007, 1),
(901, 'Faridabad District', 4007, 1),
(902, 'Farrukhnagar', 4007, 1),
(903, 'Fatehabad', 4007, 1),
(904, 'Fatehabad District', 4007, 1),
(905, 'Firozpur Jhirka', 4007, 1),
(906, 'Gharaunda', 4007, 1),
(907, 'Gohana', 4007, 1),
(908, 'Gorakhpur', 4007, 1),
(909, 'Gurgaon', 4007, 1),
(910, 'Hansi', 4007, 1),
(911, 'Hasanpur', 4007, 1),
(912, 'Hisar', 4007, 1),
(913, 'Hodal', 4007, 1),
(914, 'Inda Chhoi', 4007, 1),
(915, 'Indri', 4007, 1),
(916, 'Jagadhri', 4007, 1),
(917, 'Jakhal', 4007, 1),
(918, 'Jhajjar', 4007, 1),
(919, 'Jind', 4007, 1),
(920, 'Kaithal', 4007, 1),
(921, 'Kalanaur', 4007, 1),
(922, 'Kalanwali', 4007, 1),
(923, 'Kanina Khas', 4007, 1),
(924, 'Karnal', 4007, 1),
(925, 'Kharkhauda', 4007, 1),
(926, 'Kheri Sampla', 4007, 1),
(927, 'Kurukshetra', 4007, 1),
(928, 'Ladwa', 4007, 1),
(929, 'Loharu', 4007, 1),
(930, 'Maham', 4007, 1),
(931, 'Mahendragarh', 4007, 1),
(932, 'Mandholi Kalan', 4007, 1),
(933, 'Mustafabad', 4007, 1),
(934, 'Narayangarh', 4007, 1),
(935, 'Narnaul', 4007, 1),
(936, 'Narnaund', 4007, 1),
(937, 'Narwana', 4007, 1),
(938, 'Nilokheri', 4007, 1),
(939, 'Nuh', 4007, 1),
(940, 'Palwal', 4007, 1),
(941, 'Panchkula', 4007, 1),
(942, 'Panipat', 4007, 1),
(943, 'Pataudi', 4007, 1),
(944, 'Pehowa', 4007, 1),
(945, 'Pinjaur', 4007, 1),
(946, 'Punahana', 4007, 1),
(947, 'Pundri', 4007, 1),
(948, 'Radaur', 4007, 1),
(949, 'Rania', 4007, 1),
(950, 'Ratia', 4007, 1),
(951, 'Rewari', 4007, 1),
(952, 'Rewari District', 4007, 1),
(953, 'Rohtak', 4007, 1),
(954, 'Safidon', 4007, 1),
(955, 'Samalkha', 4007, 1),
(956, 'Shadipur Julana', 4007, 1),
(957, 'Shahabad', 4007, 1),
(958, 'Sirsa', 4007, 1),
(959, 'Sohna', 4007, 1),
(960, 'Sonipat', 4007, 1),
(961, 'Taoru', 4007, 1),
(962, 'Thanesar', 4007, 1),
(963, 'Tohana', 4007, 1),
(964, 'Tosham', 4007, 1),
(965, 'Uklana', 4007, 1),
(966, 'Yamunanagar', 4007, 1),
(967, 'Arki', 4020, 1),
(968, 'Baddi', 4020, 1),
(969, 'Banjar', 4020, 1),
(970, 'Bilaspur', 4020, 1),
(971, 'Chamba', 4020, 1),
(972, 'Chaupal', 4020, 1),
(973, 'Chowari', 4020, 1),
(974, 'Chuari Khas', 4020, 1),
(975, 'Dagshai', 4020, 1),
(976, 'Dalhousie', 4020, 1),
(977, 'Daulatpur', 4020, 1),
(978, 'Dera Gopipur', 4020, 1),
(979, 'Dharamsala', 4020, 1),
(980, 'Gagret', 4020, 1),
(981, 'Ghumarwin', 4020, 1),
(982, 'Hamirpur', 4020, 1),
(983, 'Jawala Mukhi', 4020, 1),
(984, 'Jogindarnagar', 4020, 1),
(985, 'Jubbal', 4020, 1),
(986, 'Jutogh', 4020, 1),
(987, 'Kalka', 4020, 1),
(988, 'Kangar', 4020, 1),
(989, 'Kangra', 4020, 1),
(990, 'Kasauli', 4020, 1),
(991, 'Kinnaur', 4020, 1),
(992, 'Kotkhai', 4020, 1),
(993, 'Kotla', 4020, 1),
(994, 'Kulu', 4020, 1),
(995, 'Kyelang', 4020, 1),
(996, 'Lahul and Spiti', 4020, 1),
(997, 'Manali', 4020, 1),
(998, 'Mandi', 4020, 1),
(999, 'Nadaun', 4020, 1),
(1000, 'Nagar', 4020, 1),
(1001, 'Nagrota', 4020, 1),
(1002, 'Nahan', 4020, 1),
(1003, 'Nalagarh', 4020, 1),
(1004, 'Palampur', 4020, 1),
(1005, 'Pandoh', 4020, 1),
(1006, 'Paonta Sahib', 4020, 1),
(1007, 'Parwanoo', 4020, 1),
(1008, 'Rajgarh', 4020, 1),
(1009, 'Rampur', 4020, 1),
(1010, 'Rohru', 4020, 1),
(1011, 'Sabathu', 4020, 1),
(1012, 'Santokhgarh', 4020, 1),
(1013, 'Sarahan', 4020, 1),
(1014, 'Sarka Ghat', 4020, 1),
(1015, 'Seoni', 4020, 1),
(1016, 'Shimla', 4020, 1),
(1017, 'Sirmaur', 4020, 1),
(1018, 'Solan', 4020, 1),
(1019, 'Sundarnagar', 4020, 1),
(1020, 'Theog', 4020, 1),
(1021, 'Tira Sujanpur', 4020, 1),
(1022, 'Una', 4020, 1),
(1023, 'Yol', 4020, 1),
(1024, 'Akhnur', 4029, 1),
(1025, 'Anantnag', 4029, 1),
(1026, 'Awantipur', 4029, 1),
(1027, 'Badgam', 4029, 1),
(1028, 'Bandipore', 4029, 1),
(1029, 'Bandipura', 4029, 1),
(1030, 'Banihal', 4029, 1),
(1031, 'Baramula', 4029, 1),
(1032, 'Batoti', 4029, 1),
(1033, 'Bhadarwah', 4029, 1),
(1034, 'Bijbehara', 4029, 1),
(1035, 'Bishnah', 4029, 1),
(1036, 'Doda', 4029, 1),
(1037, 'Gandarbal', 4029, 1),
(1038, 'Ganderbal', 4029, 1),
(1039, 'Gho Brahmanan de', 4029, 1),
(1040, 'Hajan', 4029, 1),
(1041, 'Hiranagar', 4029, 1),
(1042, 'Jammu', 4029, 1),
(1043, 'Jaurian', 4029, 1),
(1044, 'Kathua', 4029, 1),
(1045, 'Katra', 4029, 1),
(1046, 'Khaur', 4029, 1),
(1047, 'Kishtwar', 4029, 1),
(1048, 'Kud', 4029, 1),
(1049, 'Kulgam', 4029, 1),
(1050, 'Kupwara', 4029, 1),
(1051, 'Ladakh', 4029, 1),
(1052, 'Magam', 4029, 1),
(1053, 'Nawanshahr', 4029, 1),
(1054, 'Noria', 4029, 1),
(1055, 'Padam', 4029, 1),
(1056, 'Pahlgam', 4029, 1),
(1057, 'Parol', 4029, 1),
(1058, 'Pattan', 4029, 1),
(1059, 'Pulwama', 4029, 1),
(1060, 'Punch', 4029, 1),
(1061, 'Qazigund', 4029, 1),
(1062, 'Rajaori', 4029, 1),
(1063, 'Rajauri', 4029, 1),
(1064, 'Ramban', 4029, 1),
(1065, 'Ramgarh', 4029, 1),
(1066, 'Ramnagar', 4029, 1),
(1067, 'Riasi', 4029, 1),
(1068, 'Samba', 4029, 1),
(1069, 'Shupiyan', 4029, 1),
(1070, 'Sopur', 4029, 1),
(1071, 'Soyibug', 4029, 1),
(1072, 'Srinagar', 4029, 1),
(1073, 'Sumbal', 4029, 1),
(1074, 'Thang', 4029, 1),
(1075, 'Thanna Mandi', 4029, 1),
(1076, 'Tral', 4029, 1),
(1077, 'Tsrar Sharif', 4029, 1),
(1078, 'Udhampur', 4029, 1),
(1079, 'Uri', 4029, 1),
(1080, 'Bagra', 4025, 1),
(1081, 'Barka Kana', 4025, 1),
(1082, 'Barki Saria', 4025, 1),
(1083, 'Barwadih', 4025, 1),
(1084, 'Bhojudih', 4025, 1),
(1085, 'Bokaro', 4025, 1),
(1086, 'Bundu', 4025, 1),
(1087, 'Chaibasa', 4025, 1),
(1088, 'Chakradharpur', 4025, 1),
(1089, 'Chakulia', 4025, 1),
(1090, 'Chandil', 4025, 1),
(1091, 'Chas', 4025, 1),
(1092, 'Chatra', 4025, 1),
(1093, 'Chiria', 4025, 1),
(1094, 'Daltonganj', 4025, 1),
(1095, 'Deogarh', 4025, 1),
(1096, 'Dhanbad', 4025, 1),
(1097, 'Dhanwar', 4025, 1),
(1098, 'Dugda', 4025, 1),
(1099, 'Dumka', 4025, 1),
(1100, 'Garhwa', 4025, 1),
(1101, 'Ghatsila', 4025, 1),
(1102, 'Giridih', 4025, 1),
(1103, 'Gobindpur', 4025, 1),
(1104, 'Godda', 4025, 1),
(1105, 'Gomoh', 4025, 1),
(1106, 'Gopinathpur', 4025, 1),
(1107, 'Gua', 4025, 1),
(1108, 'Gumia', 4025, 1),
(1109, 'Gumla', 4025, 1),
(1110, 'Hazaribag', 4025, 1),
(1111, 'Hazaribagh', 4025, 1),
(1112, 'Hesla', 4025, 1),
(1113, 'Husainabad', 4025, 1),
(1114, 'Jagannathpur', 4025, 1),
(1115, 'Jamadoba', 4025, 1),
(1116, 'Jamshedpur', 4025, 1),
(1117, 'Jamtara', 4025, 1),
(1118, 'Jasidih', 4025, 1),
(1119, 'Jharia', 4025, 1),
(1120, 'Jugsalai', 4025, 1),
(1121, 'Jumri Tilaiya', 4025, 1),
(1122, 'Kalikapur', 4025, 1),
(1123, 'Kandra', 4025, 1),
(1124, 'Kanke', 4025, 1),
(1125, 'Katras', 4025, 1),
(1126, 'Kenduadih', 4025, 1),
(1127, 'Kharsawan', 4025, 1),
(1128, 'Khunti', 4025, 1),
(1129, 'Kodarma', 4025, 1),
(1130, 'Kuju', 4025, 1),
(1131, 'Latehar', 4025, 1),
(1132, 'Lohardaga', 4025, 1),
(1133, 'Madhupur', 4025, 1),
(1134, 'Malkera', 4025, 1),
(1135, 'Manoharpur', 4025, 1),
(1136, 'Mugma', 4025, 1),
(1137, 'Mushabani', 4025, 1),
(1138, 'Neturhat', 4025, 1),
(1139, 'Nirsa', 4025, 1),
(1140, 'Noamundi', 4025, 1),
(1141, 'Pakur', 4025, 1),
(1142, 'Palamu', 4025, 1),
(1143, 'Pashchim Singhbhum', 4025, 1),
(1144, 'patamda', 4025, 1),
(1145, 'Pathardih', 4025, 1),
(1146, 'Purba Singhbhum', 4025, 1),
(1147, 'Ramgarh', 4025, 1),
(1148, 'Ranchi', 4025, 1),
(1149, 'Ray', 4025, 1),
(1150, 'Sahibganj', 4025, 1),
(1151, 'Saraikela', 4025, 1),
(1152, 'Sarubera', 4025, 1),
(1153, 'Sijua', 4025, 1),
(1154, 'Simdega', 4025, 1),
(1155, 'Sini', 4025, 1),
(1156, 'Topchanchi', 4025, 1),
(1157, 'Afzalpur', 4026, 1),
(1158, 'Ajjampur', 4026, 1),
(1159, 'Aland', 4026, 1),
(1160, 'Alnavar', 4026, 1),
(1161, 'Alur', 4026, 1),
(1162, 'Anekal', 4026, 1),
(1163, 'Ankola', 4026, 1),
(1164, 'Annigeri', 4026, 1),
(1165, 'Arkalgud', 4026, 1),
(1166, 'Arsikere', 4026, 1),
(1167, 'Athni', 4026, 1),
(1168, 'Aurad', 4026, 1),
(1169, 'Badami', 4026, 1),
(1170, 'Bagalkot', 4026, 1),
(1171, 'Bagepalli', 4026, 1),
(1172, 'Bail-Hongal', 4026, 1),
(1173, 'Ballari', 4026, 1),
(1174, 'Ballary', 4026, 1),
(1175, 'Banavar', 4026, 1),
(1176, 'Bangalore Rural', 4026, 1),
(1177, 'Bangalore Urban', 4026, 1),
(1178, 'Bangarapet', 4026, 1),
(1179, 'Bannur', 4026, 1),
(1180, 'Bantval', 4026, 1),
(1181, 'Basavakalyan', 4026, 1),
(1182, 'Basavana Bagevadi', 4026, 1),
(1183, 'Belagavi', 4026, 1),
(1184, 'Belluru', 4026, 1),
(1185, 'Beltangadi', 4026, 1),
(1186, 'Belur', 4026, 1),
(1187, 'Bengaluru', 4026, 1),
(1188, 'Bhadravati', 4026, 1),
(1189, 'Bhalki', 4026, 1),
(1190, 'Bhatkal', 4026, 1),
(1191, 'Bidar', 4026, 1),
(1192, 'Bilgi', 4026, 1),
(1193, 'Birur', 4026, 1),
(1194, 'Byadgi', 4026, 1),
(1195, 'Byndoor', 4026, 1),
(1196, 'Canacona', 4026, 1),
(1197, 'Challakere', 4026, 1),
(1198, 'Chamrajnagar', 4026, 1),
(1199, 'Channagiri', 4026, 1),
(1200, 'Channapatna', 4026, 1),
(1201, 'Channarayapatna', 4026, 1),
(1202, 'Chik Ballapur', 4026, 1),
(1203, 'Chikkaballapur', 4026, 1),
(1204, 'Chikkamagaluru', 4026, 1),
(1205, 'Chiknayakanhalli', 4026, 1),
(1206, 'Chikodi', 4026, 1),
(1207, 'Chincholi', 4026, 1),
(1208, 'Chintamani', 4026, 1),
(1209, 'Chitapur', 4026, 1),
(1210, 'Chitradurga', 4026, 1),
(1211, 'Closepet', 4026, 1),
(1212, 'Coondapoor', 4026, 1),
(1213, 'Dakshina Kannada', 4026, 1),
(1214, 'Dandeli', 4026, 1),
(1215, 'Davanagere', 4026, 1),
(1216, 'Devanhalli', 4026, 1),
(1217, 'Dharwad', 4026, 1),
(1218, 'Dod Ballapur', 4026, 1),
(1219, 'French Rocks', 4026, 1),
(1220, 'Gadag', 4026, 1),
(1221, 'Gadag-Betageri', 4026, 1),
(1222, 'Gajendragarh', 4026, 1),
(1223, 'Gangawati', 4026, 1),
(1224, 'Gangolli', 4026, 1),
(1225, 'Gokak', 4026, 1),
(1226, 'Gokarna', 4026, 1),
(1227, 'Goribidnur', 4026, 1),
(1228, 'Gorur', 4026, 1),
(1229, 'Gubbi', 4026, 1),
(1230, 'Gudibanda', 4026, 1),
(1231, 'Guledagudda', 4026, 1),
(1232, 'GundlupÄ“t', 4026, 1),
(1233, 'Gurmatkal', 4026, 1),
(1234, 'Hadagalli', 4026, 1),
(1235, 'Haliyal', 4026, 1),
(1236, 'Hampi', 4026, 1),
(1237, 'Hangal', 4026, 1),
(1238, 'Harihar', 4026, 1),
(1239, 'Harpanahalli', 4026, 1),
(1240, 'Hassan', 4026, 1),
(1241, 'Haveri', 4026, 1),
(1242, 'Heggadadevankote', 4026, 1),
(1243, 'Hirekerur', 4026, 1),
(1244, 'Hiriyur', 4026, 1),
(1245, 'Holalkere', 4026, 1),
(1246, 'Hole Narsipur', 4026, 1),
(1247, 'Homnabad', 4026, 1),
(1248, 'Honavar', 4026, 1),
(1249, 'Honnali', 4026, 1),
(1250, 'Hosanagara', 4026, 1),
(1251, 'Hosangadi', 4026, 1),
(1252, 'Hosdurga', 4026, 1),
(1253, 'Hoskote', 4026, 1),
(1254, 'Hospet', 4026, 1),
(1255, 'Hubballi', 4026, 1),
(1256, 'Hukeri', 4026, 1),
(1257, 'Hungund', 4026, 1),
(1258, 'Hunsur', 4026, 1),
(1259, 'Ilkal', 4026, 1),
(1260, 'Indi', 4026, 1),
(1261, 'Jagalur', 4026, 1),
(1262, 'Jamkhandi', 4026, 1),
(1263, 'Jevargi', 4026, 1),
(1264, 'Kadur', 4026, 1),
(1265, 'Kalaburgi', 4026, 1),
(1266, 'Kalghatgi', 4026, 1),
(1267, 'Kampli', 4026, 1),
(1268, 'Kankanhalli', 4026, 1),
(1269, 'Karkala', 4026, 1),
(1270, 'Karwar', 4026, 1),
(1271, 'Kavalur', 4026, 1),
(1272, 'Kerur', 4026, 1),
(1273, 'Khanapur', 4026, 1),
(1274, 'Kodagu', 4026, 1),
(1275, 'Kodigenahalli', 4026, 1),
(1276, 'Kodlipet', 4026, 1),
(1277, 'Kolar', 4026, 1),
(1278, 'Kollegal', 4026, 1),
(1279, 'Konanur', 4026, 1),
(1280, 'Konnur', 4026, 1),
(1281, 'Koppa', 4026, 1),
(1282, 'Koppal', 4026, 1),
(1283, 'Koratagere', 4026, 1),
(1284, 'Kotturu', 4026, 1),
(1285, 'Krishnarajpet', 4026, 1),
(1286, 'Kudachi', 4026, 1),
(1287, 'Kudligi', 4026, 1),
(1288, 'Kumsi', 4026, 1),
(1289, 'Kumta', 4026, 1),
(1290, 'Kundgol', 4026, 1),
(1291, 'Kunigal', 4026, 1),
(1292, 'Kurgunta', 4026, 1),
(1293, 'Kushalnagar', 4026, 1),
(1294, 'Kushtagi', 4026, 1),
(1295, 'Lakshmeshwar', 4026, 1),
(1296, 'Lingsugur', 4026, 1),
(1297, 'Londa', 4026, 1),
(1298, 'Maddagiri', 4026, 1),
(1299, 'Maddur', 4026, 1),
(1300, 'Madikeri', 4026, 1),
(1301, 'Magadi', 4026, 1),
(1302, 'Mahalingpur', 4026, 1),
(1303, 'Malavalli', 4026, 1),
(1304, 'Malpe', 4026, 1),
(1305, 'Malur', 4026, 1),
(1306, 'Mandya', 4026, 1),
(1307, 'Mangaluru', 4026, 1),
(1308, 'Manipal', 4026, 1),
(1309, 'Manvi', 4026, 1),
(1310, 'Mayakonda', 4026, 1),
(1311, 'Melukote', 4026, 1),
(1312, 'Mudbidri', 4026, 1),
(1313, 'Muddebihal', 4026, 1),
(1314, 'Mudgal', 4026, 1),
(1315, 'Mudgere', 4026, 1),
(1316, 'Mudhol', 4026, 1),
(1317, 'Mulbagal', 4026, 1),
(1318, 'Mulgund', 4026, 1),
(1319, 'Mulki', 4026, 1),
(1320, 'Mundargi', 4026, 1),
(1321, 'Mundgod', 4026, 1),
(1322, 'Munirabad', 4026, 1),
(1323, 'Murudeshwara', 4026, 1),
(1324, 'Mysuru', 4026, 1),
(1325, 'Nagamangala', 4026, 1),
(1326, 'Nanjangud', 4026, 1),
(1327, 'Narasimharajapura', 4026, 1),
(1328, 'Naregal', 4026, 1),
(1329, 'Nargund', 4026, 1),
(1330, 'Navalgund', 4026, 1),
(1331, 'Nelamangala', 4026, 1),
(1332, 'Nyamti', 4026, 1),
(1333, 'Pangala', 4026, 1),
(1334, 'Pavugada', 4026, 1),
(1335, 'Piriyapatna', 4026, 1),
(1336, 'Ponnampet', 4026, 1),
(1337, 'Puttur', 4026, 1),
(1338, 'Rabkavi', 4026, 1),
(1339, 'Raichur', 4026, 1),
(1340, 'Ramanagara', 4026, 1),
(1341, 'Ranibennur', 4026, 1),
(1342, 'Raybag', 4026, 1),
(1343, 'Robertsonpet', 4026, 1),
(1344, 'Ron', 4026, 1),
(1345, 'Sadalgi', 4026, 1),
(1346, 'Sagar', 4026, 1),
(1347, 'Sakleshpur', 4026, 1),
(1348, 'Sandur', 4026, 1),
(1349, 'Sanivarsante', 4026, 1),
(1350, 'Sankeshwar', 4026, 1),
(1351, 'Sargur', 4026, 1),
(1352, 'Saundatti', 4026, 1),
(1353, 'Savanur', 4026, 1),
(1354, 'Seram', 4026, 1),
(1355, 'Shahabad', 4026, 1),
(1356, 'Shahpur', 4026, 1),
(1357, 'Shiggaon', 4026, 1),
(1358, 'Shikarpur', 4026, 1),
(1359, 'Shimoga', 4026, 1),
(1360, 'Shirhatti', 4026, 1),
(1361, 'Shorapur', 4026, 1),
(1362, 'Shrirangapattana', 4026, 1),
(1363, 'Siddapur', 4026, 1),
(1364, 'Sidlaghatta', 4026, 1),
(1365, 'Sindgi', 4026, 1),
(1366, 'Sindhnur', 4026, 1),
(1367, 'Sira', 4026, 1),
(1368, 'Sirsi', 4026, 1),
(1369, 'Siruguppa', 4026, 1),
(1370, 'Someshwar', 4026, 1),
(1371, 'Somvarpet', 4026, 1),
(1372, 'Sorab', 4026, 1),
(1373, 'Sravana Belgola', 4026, 1),
(1374, 'Sringeri', 4026, 1),
(1375, 'Srinivaspur', 4026, 1),
(1376, 'Sulya', 4026, 1),
(1377, 'Suntikoppa', 4026, 1),
(1378, 'Talikota', 4026, 1),
(1379, 'Tarikere', 4026, 1),
(1380, 'Tekkalakote', 4026, 1),
(1381, 'Terdal', 4026, 1),
(1382, 'Tiptur', 4026, 1),
(1383, 'Tirthahalli', 4026, 1),
(1384, 'Tirumakudal Narsipur', 4026, 1),
(1385, 'Tumakuru', 4026, 1),
(1386, 'Turuvekere', 4026, 1),
(1387, 'Udupi', 4026, 1),
(1388, 'Ullal', 4026, 1),
(1389, 'Uttar Kannada', 4026, 1),
(1390, 'Vadigenhalli', 4026, 1),
(1391, 'Vijayapura', 4026, 1),
(1392, 'Virarajendrapet', 4026, 1),
(1393, 'Wadi', 4026, 1),
(1394, 'Yadgir', 4026, 1),
(1395, 'Yelahanka', 4026, 1),
(1396, 'Yelandur', 4026, 1),
(1397, 'Yelbarga', 4026, 1),
(1398, 'Yellapur', 4026, 1),
(1399, 'Adur', 4028, 1),
(1400, 'Alappuzha', 4028, 1),
(1401, 'Aluva', 4028, 1),
(1402, 'Alwaye', 4028, 1),
(1403, 'Angamali', 4028, 1),
(1404, 'Aroor', 4028, 1),
(1405, 'Arukutti', 4028, 1),
(1406, 'Attingal', 4028, 1),
(1407, 'Avanoor', 4028, 1),
(1408, 'Azhikkal', 4028, 1),
(1409, 'Badagara', 4028, 1),
(1410, 'Beypore', 4028, 1),
(1411, 'Changanacheri', 4028, 1),
(1412, 'ChÄ“lakara', 4028, 1),
(1413, 'Chengannur', 4028, 1),
(1414, 'Cherpulassery', 4028, 1),
(1415, 'Cherthala', 4028, 1),
(1416, 'Chetwayi', 4028, 1),
(1417, 'Chittur', 4028, 1),
(1418, 'Cochin', 4028, 1),
(1419, 'Dharmadam', 4028, 1),
(1420, 'Edakkulam', 4028, 1),
(1421, 'Elur', 4028, 1),
(1422, 'Erattupetta', 4028, 1),
(1423, 'Ernakulam', 4028, 1),
(1424, 'Ferokh', 4028, 1),
(1425, 'Guruvayur', 4028, 1),
(1426, 'Idukki', 4028, 1),
(1427, 'Iringal', 4028, 1),
(1428, 'Irinjalakuda', 4028, 1),
(1429, 'Kadakkavoor', 4028, 1),
(1430, 'Kalamassery', 4028, 1),
(1431, 'Kalavoor', 4028, 1),
(1432, 'Kalpatta', 4028, 1),
(1433, 'Kannangad', 4028, 1),
(1434, 'Kannavam', 4028, 1),
(1435, 'Kannur', 4028, 1),
(1436, 'Kasaragod', 4028, 1),
(1437, 'Kasaragod District', 4028, 1),
(1438, 'Kattanam', 4028, 1),
(1439, 'Kayankulam', 4028, 1),
(1440, 'Kizhake Chalakudi', 4028, 1),
(1441, 'Kodungallur', 4028, 1),
(1442, 'Kollam', 4028, 1),
(1443, 'Kotamangalam', 4028, 1),
(1444, 'Kottayam', 4028, 1),
(1445, 'Kovalam', 4028, 1),
(1446, 'Kozhikode', 4028, 1),
(1447, 'Kumbalam', 4028, 1),
(1448, 'Kunnamangalam', 4028, 1),
(1449, 'Kunnamkulam', 4028, 1),
(1450, 'Kunnumma', 4028, 1),
(1451, 'Kutiatodu', 4028, 1),
(1452, 'Kuttampuzha', 4028, 1),
(1453, 'Lalam', 4028, 1),
(1454, 'MahÄ“', 4028, 1),
(1455, 'Malappuram', 4028, 1),
(1456, 'Manjeri', 4028, 1),
(1457, 'ManjÄ“shvar', 4028, 1),
(1458, 'Mannarakkat', 4028, 1),
(1459, 'Marayur', 4028, 1),
(1460, 'Mattanur', 4028, 1),
(1461, 'Mavelikara', 4028, 1),
(1462, 'Mavoor', 4028, 1),
(1463, 'Muluppilagadu', 4028, 1),
(1464, 'Munnar', 4028, 1),
(1465, 'Muvattupula', 4028, 1),
(1466, 'Muvattupuzha', 4028, 1),
(1467, 'Nadapuram', 4028, 1),
(1468, 'Naduvannur', 4028, 1),
(1469, 'Nedumangad', 4028, 1),
(1470, 'Neyyattinkara', 4028, 1),
(1471, 'NilÄ“shwar', 4028, 1),
(1472, 'Ottappalam', 4028, 1),
(1473, 'Palackattumala', 4028, 1),
(1474, 'Palakkad district', 4028, 1),
(1475, 'Palghat', 4028, 1),
(1476, 'Panamaram', 4028, 1),
(1477, 'PappinisshÄ“ri', 4028, 1),
(1478, 'Paravur Tekkumbhagam', 4028, 1),
(1479, 'Pariyapuram', 4028, 1),
(1480, 'Pathanamthitta', 4028, 1),
(1481, 'Pattanamtitta', 4028, 1),
(1482, 'Payyannur', 4028, 1),
(1483, 'Perumbavoor', 4028, 1),
(1484, 'Perumpavur', 4028, 1),
(1485, 'Perya', 4028, 1),
(1486, 'Piravam', 4028, 1),
(1487, 'Ponmana', 4028, 1),
(1488, 'Ponnani', 4028, 1),
(1489, 'Punalur', 4028, 1),
(1490, 'Ramamangalam', 4028, 1),
(1491, 'Shertallai', 4028, 1),
(1492, 'ShÅranur', 4028, 1),
(1493, 'Talipparamba', 4028, 1),
(1494, 'Tellicherry', 4028, 1),
(1495, 'Thanniyam', 4028, 1),
(1496, 'Thiruvananthapuram', 4028, 1),
(1497, 'Thrissur', 4028, 1),
(1498, 'Thrissur District', 4028, 1),
(1499, 'Tirur', 4028, 1),
(1500, 'Tiruvalla', 4028, 1),
(1501, 'Vaikam', 4028, 1),
(1502, 'Varkala', 4028, 1),
(1503, 'Vayalar', 4028, 1),
(1504, 'Vettur', 4028, 1),
(1505, 'Wayanad', 4028, 1),
(1506, 'Kargil', 4852, 1),
(1507, 'Leh', 4852, 1),
(1508, 'Kavaratti', 4019, 1),
(1509, 'Lakshadweep', 4019, 1),
(1510, 'Agar', 4039, 1),
(1511, 'Ajaigarh', 4039, 1),
(1512, 'Akodia', 4039, 1),
(1513, 'Alampur', 4039, 1),
(1514, 'Alirajpur', 4039, 1),
(1515, 'Alot', 4039, 1),
(1516, 'Amanganj', 4039, 1),
(1517, 'Amarkantak', 4039, 1),
(1518, 'Amarpatan', 4039, 1),
(1519, 'Amarwara', 4039, 1),
(1520, 'Ambah', 4039, 1),
(1521, 'Amla', 4039, 1),
(1522, 'Anjad', 4039, 1),
(1523, 'Antri', 4039, 1),
(1524, 'Anuppur', 4039, 1),
(1525, 'Aron', 4039, 1),
(1526, 'Ashoknagar', 4039, 1),
(1527, 'Ashta', 4039, 1),
(1528, 'Babai', 4039, 1),
(1529, 'Badarwas', 4039, 1),
(1530, 'Badnawar', 4039, 1),
(1531, 'Bag', 4039, 1),
(1532, 'Bagli', 4039, 1),
(1533, 'Baihar', 4039, 1),
(1534, 'Baikunthpur', 4039, 1),
(1535, 'Bakshwaho', 4039, 1),
(1536, 'Balaghat', 4039, 1),
(1537, 'Baldeogarh', 4039, 1),
(1538, 'Bamna', 4039, 1),
(1539, 'Bamor Kalan', 4039, 1),
(1540, 'Bamora', 4039, 1),
(1541, 'Banda', 4039, 1),
(1542, 'Barela', 4039, 1),
(1543, 'Barghat', 4039, 1),
(1544, 'Bargi', 4039, 1),
(1545, 'Barhi', 4039, 1),
(1546, 'Barwani', 4039, 1),
(1547, 'Basoda', 4039, 1),
(1548, 'Begamganj', 4039, 1),
(1549, 'Beohari', 4039, 1),
(1550, 'Berasia', 4039, 1),
(1551, 'Betma', 4039, 1),
(1552, 'Betul', 4039, 1),
(1553, 'Betul Bazar', 4039, 1),
(1554, 'Bhabhra', 4039, 1),
(1555, 'Bhainsdehi', 4039, 1),
(1556, 'Bhander', 4039, 1),
(1557, 'Bhanpura', 4039, 1),
(1558, 'Bhawaniganj', 4039, 1),
(1559, 'Bhikangaon', 4039, 1),
(1560, 'Bhind', 4039, 1),
(1561, 'Bhitarwar', 4039, 1),
(1562, 'Bhopal', 4039, 1),
(1563, 'Biaora', 4039, 1),
(1564, 'Bijawar', 4039, 1),
(1565, 'Bijrauni', 4039, 1),
(1566, 'Bodri', 4039, 1),
(1567, 'Burhanpur', 4039, 1),
(1568, 'Burhar', 4039, 1),
(1569, 'Chanderi', 4039, 1),
(1570, 'Chandia', 4039, 1),
(1571, 'Chandla', 4039, 1),
(1572, 'Chhatarpur', 4039, 1),
(1573, 'Chhindwara', 4039, 1),
(1574, 'Chichli', 4039, 1),
(1575, 'Chorhat', 4039, 1),
(1576, 'Daboh', 4039, 1),
(1577, 'Dabra', 4039, 1),
(1578, 'Damoh', 4039, 1),
(1579, 'Datia', 4039, 1),
(1580, 'Deori Khas', 4039, 1),
(1581, 'Depalpur', 4039, 1),
(1582, 'Dewas', 4039, 1),
(1583, 'Dhamnod', 4039, 1),
(1584, 'Dhana', 4039, 1),
(1585, 'Dhar', 4039, 1),
(1586, 'Dharampuri', 4039, 1),
(1587, 'Dindori', 4039, 1),
(1588, 'Etawa', 4039, 1),
(1589, 'Gadarwara', 4039, 1),
(1590, 'Garha Brahman', 4039, 1),
(1591, 'Garhakota', 4039, 1),
(1592, 'Gautampura', 4039, 1),
(1593, 'Ghansor', 4039, 1),
(1594, 'Gogapur', 4039, 1),
(1595, 'Gohadi', 4039, 1),
(1596, 'Govindgarh', 4039, 1),
(1597, 'Guna', 4039, 1),
(1598, 'Gurh', 4039, 1),
(1599, 'Gwalior', 4039, 1),
(1600, 'Harda', 4039, 1),
(1601, 'Harda Khas', 4039, 1),
(1602, 'Harpalpur', 4039, 1),
(1603, 'Harrai', 4039, 1),
(1604, 'Harsud', 4039, 1),
(1605, 'Hatod', 4039, 1),
(1606, 'Hatta', 4039, 1),
(1607, 'Hindoria', 4039, 1),
(1608, 'Hoshangabad', 4039, 1),
(1609, 'Iawar', 4039, 1),
(1610, 'Ichhawar', 4039, 1),
(1611, 'Iklehra', 4039, 1),
(1612, 'Indore', 4039, 1),
(1613, 'Isagarh', 4039, 1),
(1614, 'Itarsi', 4039, 1),
(1615, 'Jabalpur', 4039, 1),
(1616, 'Jaisinghnagar', 4039, 1),
(1617, 'Jaithari', 4039, 1),
(1618, 'Jamai', 4039, 1),
(1619, 'Jaora', 4039, 1),
(1620, 'Jatara', 4039, 1),
(1621, 'Jawad', 4039, 1),
(1622, 'Jhabua', 4039, 1),
(1623, 'Jiran', 4039, 1),
(1624, 'Jobat', 4039, 1),
(1625, 'Kailaras', 4039, 1),
(1626, 'Kaimori', 4039, 1),
(1627, 'Kannod', 4039, 1),
(1628, 'Kareli', 4039, 1),
(1629, 'Karera', 4039, 1),
(1630, 'Karrapur', 4039, 1),
(1631, 'Kasrawad', 4039, 1),
(1632, 'Katangi', 4039, 1),
(1633, 'Katni', 4039, 1),
(1634, 'Khachrod', 4039, 1),
(1635, 'Khailar', 4039, 1),
(1636, 'Khajuraho Group of Monuments', 4039, 1),
(1637, 'Khamaria', 4039, 1),
(1638, 'Khandwa', 4039, 1),
(1639, 'Khandwa district', 4039, 1),
(1640, 'Khargapur', 4039, 1),
(1641, 'Khargone', 4039, 1),
(1642, 'Khategaon', 4039, 1),
(1643, 'Khilchipur', 4039, 1),
(1644, 'Khirkiyan', 4039, 1),
(1645, 'Khujner', 4039, 1),
(1646, 'Khurai', 4039, 1),
(1647, 'Kolaras', 4039, 1),
(1648, 'Korwai', 4039, 1),
(1649, 'Kotar', 4039, 1),
(1650, 'Kothi', 4039, 1),
(1651, 'Kotma', 4039, 1),
(1652, 'Kotwa', 4039, 1),
(1653, 'Kukshi', 4039, 1),
(1654, 'Kumbhraj', 4039, 1),
(1655, 'Lahar', 4039, 1),
(1656, 'Lakhnadon', 4039, 1),
(1657, 'Leteri', 4039, 1),
(1658, 'Lodhikheda', 4039, 1),
(1659, 'Machalpur', 4039, 1),
(1660, 'Madhogarh', 4039, 1),
(1661, 'Maheshwar', 4039, 1),
(1662, 'Mahgawan', 4039, 1),
(1663, 'Maihar', 4039, 1),
(1664, 'Majholi', 4039, 1),
(1665, 'Maksi', 4039, 1),
(1666, 'Malhargarh', 4039, 1),
(1667, 'Manasa', 4039, 1),
(1668, 'Manawar', 4039, 1),
(1669, 'Mandideep', 4039, 1),
(1670, 'Mandla', 4039, 1),
(1671, 'Mandleshwar', 4039, 1),
(1672, 'Mandsaur', 4039, 1),
(1673, 'Mangawan', 4039, 1),
(1674, 'Manpur', 4039, 1),
(1675, 'Mau', 4039, 1),
(1676, 'Mauganj', 4039, 1),
(1677, 'Mihona', 4039, 1),
(1678, 'Mohgaon', 4039, 1),
(1679, 'Morar', 4039, 1),
(1680, 'Morena', 4039, 1),
(1681, 'Multai', 4039, 1),
(1682, 'Mundi', 4039, 1),
(1683, 'Mungaoli', 4039, 1),
(1684, 'Murwara', 4039, 1),
(1685, 'Nagda', 4039, 1),
(1686, 'Nagod', 4039, 1),
(1687, 'Naigarhi', 4039, 1),
(1688, 'Nainpur', 4039, 1),
(1689, 'Namli', 4039, 1),
(1690, 'Naraini', 4039, 1),
(1691, 'Narayangarh', 4039, 1),
(1692, 'Narsimhapur', 4039, 1),
(1693, 'Narsinghgarh', 4039, 1),
(1694, 'Narwar', 4039, 1),
(1695, 'Nasrullahganj', 4039, 1),
(1696, 'Neemuch', 4039, 1),
(1697, 'Nepanagar', 4039, 1),
(1698, 'Orchha', 4039, 1),
(1699, 'Pachmarhi', 4039, 1),
(1700, 'Palera', 4039, 1),
(1701, 'Pali', 4039, 1),
(1702, 'Panagar', 4039, 1),
(1703, 'Panara', 4039, 1),
(1704, 'Pandhana', 4039, 1),
(1705, 'Pandhurna', 4039, 1),
(1706, 'Panna', 4039, 1),
(1707, 'Pansemal', 4039, 1),
(1708, 'Parasia', 4039, 1),
(1709, 'Patan', 4039, 1),
(1710, 'Patharia', 4039, 1),
(1711, 'Pawai', 4039, 1),
(1712, 'Petlawad', 4039, 1),
(1713, 'Piploda', 4039, 1),
(1714, 'Pithampur', 4039, 1),
(1715, 'Porsa', 4039, 1),
(1716, 'Punasa', 4039, 1),
(1717, 'Raghogarh', 4039, 1),
(1718, 'Rahatgarh', 4039, 1),
(1719, 'Raisen', 4039, 1),
(1720, 'Rajgarh', 4039, 1),
(1721, 'Rajnagar', 4039, 1),
(1722, 'Rajpur', 4039, 1),
(1723, 'Rampura', 4039, 1),
(1724, 'Ranapur', 4039, 1),
(1725, 'Ratangarh', 4039, 1),
(1726, 'Ratlam', 4039, 1),
(1727, 'Rehli', 4039, 1),
(1728, 'Rehti', 4039, 1),
(1729, 'Rewa', 4039, 1),
(1730, 'Sabalgarh', 4039, 1),
(1731, 'Sagar', 4039, 1),
(1732, 'Sailana', 4039, 1),
(1733, 'Sanawad', 4039, 1),
(1734, 'Sanchi', 4039, 1),
(1735, 'Sanwer', 4039, 1),
(1736, 'Sarangpur', 4039, 1),
(1737, 'Satna', 4039, 1),
(1738, 'Satwas', 4039, 1),
(1739, 'Saugor', 4039, 1),
(1740, 'Sausar', 4039, 1),
(1741, 'Sehore', 4039, 1),
(1742, 'Sendhwa', 4039, 1),
(1743, 'Seondha', 4039, 1),
(1744, 'Seoni', 4039, 1),
(1745, 'Seoni Malwa', 4039, 1),
(1746, 'Shahdol', 4039, 1),
(1747, 'Shahgarh', 4039, 1),
(1748, 'Shahpur', 4039, 1),
(1749, 'Shahpura', 4039, 1),
(1750, 'Shajapur', 4039, 1),
(1751, 'Shamgarh', 4039, 1),
(1752, 'Sheopur', 4039, 1),
(1753, 'Shivpuri', 4039, 1),
(1754, 'Shujalpur', 4039, 1),
(1755, 'Sidhi', 4039, 1),
(1756, 'Sihora', 4039, 1),
(1757, 'Simaria', 4039, 1),
(1758, 'Singoli', 4039, 1),
(1759, 'Singrauli', 4039, 1),
(1760, 'Sirmaur', 4039, 1),
(1761, 'Sironj', 4039, 1),
(1762, 'Sitamau', 4039, 1),
(1763, 'Sohagi', 4039, 1),
(1764, 'Sohagpur', 4039, 1),
(1765, 'Sultanpur', 4039, 1),
(1766, 'Susner', 4039, 1),
(1767, 'Tal', 4039, 1),
(1768, 'Talen', 4039, 1),
(1769, 'Tarana', 4039, 1),
(1770, 'Tekanpur', 4039, 1),
(1771, 'Tendukheda', 4039, 1),
(1772, 'Teonthar', 4039, 1),
(1773, 'Thandla', 4039, 1),
(1774, 'Tikamgarh', 4039, 1),
(1775, 'Tirodi', 4039, 1),
(1776, 'Udaipura', 4039, 1),
(1777, 'Ujjain', 4039, 1),
(1778, 'Ukwa', 4039, 1),
(1779, 'Umaria', 4039, 1),
(1780, 'Umaria District', 4039, 1),
(1781, 'Umri', 4039, 1),
(1782, 'Unhel', 4039, 1),
(1783, 'Vidisha', 4039, 1),
(1784, 'Waraseoni', 4039, 1),
(1785, 'Achalpur', 4008, 1),
(1786, 'Adawad', 4008, 1),
(1787, 'Agar Panchaitan', 4008, 1),
(1788, 'Aheri', 4008, 1),
(1789, 'Ahiri', 4008, 1),
(1790, 'Ahmadnagar', 4008, 1),
(1791, 'Ahmadpur', 4008, 1),
(1792, 'Ahmednagar', 4008, 1),
(1793, 'Airoli', 4008, 1),
(1794, 'Ajra', 4008, 1),
(1795, 'Akalkot', 4008, 1),
(1796, 'Akkalkot', 4008, 1),
(1797, 'Akluj', 4008, 1),
(1798, 'Akola', 4008, 1),
(1799, 'Akolner', 4008, 1),
(1800, 'Akot', 4008, 1),
(1801, 'Akrani', 4008, 1),
(1802, 'Alandi', 4008, 1),
(1803, 'Ale', 4008, 1),
(1804, 'Alibag', 4008, 1),
(1805, 'Alkuti', 4008, 1),
(1806, 'Allapalli', 4008, 1),
(1807, 'Amalner', 4008, 1),
(1808, 'Amarnath', 4008, 1),
(1809, 'Ambad', 4008, 1),
(1810, 'Ambajogai', 4008, 1),
(1811, 'Ambarnath', 4008, 1),
(1812, 'Ambegaon', 4008, 1),
(1813, 'Amgaon', 4008, 1),
(1814, 'Amravati', 4008, 1),
(1815, 'Amravati Division', 4008, 1),
(1816, 'Andheri', 4008, 1),
(1817, 'Andura', 4008, 1),
(1818, 'Anjangaon', 4008, 1),
(1819, 'Anjarle', 4008, 1),
(1820, 'Anshing', 4008, 1),
(1821, 'Arag', 4008, 1),
(1822, 'Arangaon', 4008, 1),
(1823, 'Ardhapur', 4008, 1),
(1824, 'Argaon', 4008, 1),
(1825, 'Artist Village', 4008, 1),
(1826, 'Arvi', 4008, 1),
(1827, 'Ashta', 4008, 1),
(1828, 'Ashti', 4008, 1),
(1829, 'Asoda', 4008, 1),
(1830, 'Assaye', 4008, 1),
(1831, 'Astagaon', 4008, 1),
(1832, 'Aundh Satara', 4008, 1),
(1833, 'Aurangabad', 4008, 1),
(1834, 'Ausa', 4008, 1),
(1835, 'Badlapur', 4008, 1),
(1836, 'Badnapur', 4008, 1),
(1837, 'Badnera', 4008, 1),
(1838, 'Bagewadi', 4008, 1),
(1839, 'Balapur', 4008, 1),
(1840, 'Balapur Akola district', 4008, 1),
(1841, 'Ballalpur', 4008, 1),
(1842, 'Ballard Estate', 4008, 1),
(1843, 'Ballarpur', 4008, 1),
(1844, 'Banda Maharashtra', 4008, 1),
(1845, 'Bandra', 4008, 1),
(1846, 'Baner', 4008, 1),
(1847, 'Bankot', 4008, 1),
(1848, 'Baramati', 4008, 1),
(1849, 'Barsi', 4008, 1),
(1850, 'Basmat', 4008, 1),
(1851, 'Basmath', 4008, 1),
(1852, 'Bavdhan', 4008, 1),
(1853, 'Bawanbir', 4008, 1),
(1854, 'Beed', 4008, 1),
(1855, 'Bhadgaon Maharashtra', 4008, 1),
(1856, 'Bhandara', 4008, 1),
(1857, 'Bhandardara', 4008, 1),
(1858, 'Bhandup', 4008, 1),
(1859, 'Bhayandar', 4008, 1),
(1860, 'Bhigvan', 4008, 1),
(1861, 'Bhiwandi', 4008, 1),
(1862, 'Bhiwapur', 4008, 1),
(1863, 'Bhokar', 4008, 1),
(1864, 'Bhokardan', 4008, 1),
(1865, 'Bhoom', 4008, 1),
(1866, 'Bhor', 4008, 1),
(1867, 'Bhudgaon', 4008, 1),
(1868, 'Bhugaon', 4008, 1),
(1869, 'Bhum', 4008, 1),
(1870, 'Bhusaval', 4008, 1),
(1871, 'Bhusawal', 4008, 1),
(1872, 'Bid', 4008, 1),
(1873, 'Bijur', 4008, 1),
(1874, 'Bilashi', 4008, 1),
(1875, 'Biloli', 4008, 1),
(1876, 'Boisar', 4008, 1),
(1877, 'Borgaon Manju', 4008, 1),
(1878, 'Borivali', 4008, 1),
(1879, 'Borivli', 4008, 1),
(1880, 'Brahmapuri', 4008, 1),
(1881, 'Breach Candy', 4008, 1),
(1882, 'Buldana', 4008, 1),
(1883, 'Buldhana', 4008, 1),
(1884, 'Byculla', 4008, 1),
(1885, 'Chakan', 4008, 1),
(1886, 'Chakur', 4008, 1),
(1887, 'Chalisgaon', 4008, 1),
(1888, 'Chanda', 4008, 1),
(1889, 'Chandgad', 4008, 1),
(1890, 'Chandor', 4008, 1),
(1891, 'Chandrapur', 4008, 1),
(1892, 'Chandur', 4008, 1),
(1893, 'Chandur Bazar', 4008, 1),
(1894, 'Chausala', 4008, 1);
INSERT INTO `city` (`id`, `name`, `state_id`, `status`) VALUES
(1895, 'Chembur', 4008, 1),
(1896, 'Chicholi', 4008, 1),
(1897, 'Chichondi Patil', 4008, 1),
(1898, 'Chikhli (Buldhana)', 4008, 1),
(1899, 'Chikhli (Jalna)', 4008, 1),
(1900, 'Chimur', 4008, 1),
(1901, 'Chinchani', 4008, 1),
(1902, 'Chinchpokli', 4008, 1),
(1903, 'Chiplun', 4008, 1),
(1904, 'Chopda', 4008, 1),
(1905, 'Colaba', 4008, 1),
(1906, 'Dabhol', 4008, 1),
(1907, 'Daddi', 4008, 1),
(1908, 'Dahanu', 4008, 1),
(1909, 'Dahivel', 4008, 1),
(1910, 'Dapoli', 4008, 1),
(1911, 'Darwha', 4008, 1),
(1912, 'Daryapur', 4008, 1),
(1913, 'Dattapur', 4008, 1),
(1914, 'Daulatabad', 4008, 1),
(1915, 'Daund', 4008, 1),
(1916, 'Deccan Gymkhana', 4008, 1),
(1917, 'Deglur', 4008, 1),
(1918, 'Dehu', 4008, 1),
(1919, 'Deolali', 4008, 1),
(1920, 'Deolapar', 4008, 1),
(1921, 'Deoli', 4008, 1),
(1922, 'Deoni', 4008, 1),
(1923, 'Deulgaon Raja', 4008, 1),
(1924, 'Devrukh', 4008, 1),
(1925, 'Dharangaon', 4008, 1),
(1926, 'Dharavi', 4008, 1),
(1927, 'Dharmabad', 4008, 1),
(1928, 'Dharur', 4008, 1),
(1929, 'Dhawalpuri', 4008, 1),
(1930, 'Dhule', 4008, 1),
(1931, 'Dhulia', 4008, 1),
(1932, 'Dighori', 4008, 1),
(1933, 'Diglur', 4008, 1),
(1934, 'Digras', 4008, 1),
(1935, 'Dindori Maharashtra', 4008, 1),
(1936, 'Diveagar', 4008, 1),
(1937, 'Dombivli', 4008, 1),
(1938, 'Dondaicha', 4008, 1),
(1939, 'Dongri', 4008, 1),
(1940, 'Dudhani', 4008, 1),
(1941, 'Durgapur', 4008, 1),
(1942, 'Durgapur Chandrapur', 4008, 1),
(1943, 'Erandol', 4008, 1),
(1944, 'Faizpur', 4008, 1),
(1945, 'Fort', 4008, 1),
(1946, 'Gadchiroli', 4008, 1),
(1947, 'Gadhinglaj', 4008, 1),
(1948, 'Gangakher', 4008, 1),
(1949, 'Gangapur', 4008, 1),
(1950, 'Ganpatipule', 4008, 1),
(1951, 'Gevrai', 4008, 1),
(1952, 'Ghargaon', 4008, 1),
(1953, 'Ghatanji', 4008, 1),
(1954, 'Ghatkopar', 4008, 1),
(1955, 'Ghoti Budrukh', 4008, 1),
(1956, 'Ghugus', 4008, 1),
(1957, 'Girgaon', 4008, 1),
(1958, 'Gondia', 4008, 1),
(1959, 'Gondiya', 4008, 1),
(1960, 'Gorai', 4008, 1),
(1961, 'Goregaon', 4008, 1),
(1962, 'Guhagar', 4008, 1),
(1963, 'Hadapsar Pune', 4008, 1),
(1964, 'Hadgaon', 4008, 1),
(1965, 'Halkarni', 4008, 1),
(1966, 'Harangul', 4008, 1),
(1967, 'Harnai', 4008, 1),
(1968, 'Helwak', 4008, 1),
(1969, 'Hinganghat', 4008, 1),
(1970, 'Hingoli', 4008, 1),
(1971, 'Hirapur', 4008, 1),
(1972, 'Hirapur Hamesha', 4008, 1),
(1973, 'Hotgi', 4008, 1),
(1974, 'Ichalkaranji', 4008, 1),
(1975, 'Igatpuri', 4008, 1),
(1976, 'Indapur', 4008, 1),
(1977, 'Jaisingpur', 4008, 1),
(1978, 'Jaitapur', 4008, 1),
(1979, 'Jakhangaon', 4008, 1),
(1980, 'Jalgaon', 4008, 1),
(1981, 'Jalgaon Jamod', 4008, 1),
(1982, 'Jalkot', 4008, 1),
(1983, 'Jalna', 4008, 1),
(1984, 'Jamkhed', 4008, 1),
(1985, 'Jamod', 4008, 1),
(1986, 'Janephal', 4008, 1),
(1987, 'Jaoli', 4008, 1),
(1988, 'Jat Sangli', 4008, 1),
(1989, 'Jategaon', 4008, 1),
(1990, 'Jawhar', 4008, 1),
(1991, 'Jaysingpur', 4008, 1),
(1992, 'Jejuri', 4008, 1),
(1993, 'Jintur', 4008, 1),
(1994, 'Jogeshwari', 4008, 1),
(1995, 'Juhu', 4008, 1),
(1996, 'Junnar', 4008, 1),
(1997, 'Kachurwahi', 4008, 1),
(1998, 'Kadegaon', 4008, 1),
(1999, 'Kadus', 4008, 1),
(2000, 'Kagal', 4008, 1),
(2001, 'Kaij', 4008, 1),
(2002, 'Kalamb', 4008, 1),
(2003, 'Kalamb Osmanabad', 4008, 1),
(2004, 'Kalamboli', 4008, 1),
(2005, 'Kalamnuri', 4008, 1),
(2006, 'Kalas', 4008, 1),
(2007, 'Kali(DK)', 4008, 1),
(2008, 'Kalmeshwar', 4008, 1),
(2009, 'Kalundri', 4008, 1),
(2010, 'Kalyan', 4008, 1),
(2011, 'Kalyani Nagar', 4008, 1),
(2012, 'Kamargaon', 4008, 1),
(2013, 'Kamatgi', 4008, 1),
(2014, 'Kamptee', 4008, 1),
(2015, 'Kamthi', 4008, 1),
(2016, 'Kandri', 4008, 1),
(2017, 'Kankauli', 4008, 1),
(2018, 'Kankavli', 4008, 1),
(2019, 'Kannad', 4008, 1),
(2020, 'Karad', 4008, 1),
(2021, 'Karajagi', 4008, 1),
(2022, 'Karanja', 4008, 1),
(2023, 'Karanja Lad', 4008, 1),
(2024, 'Karjat', 4008, 1),
(2025, 'Karkamb', 4008, 1),
(2026, 'Karmala', 4008, 1),
(2027, 'Kasara', 4008, 1),
(2028, 'Kasoda', 4008, 1),
(2029, 'Kati', 4008, 1),
(2030, 'Katol', 4008, 1),
(2031, 'Katral', 4008, 1),
(2032, 'Khadki', 4008, 1),
(2033, 'Khalapur', 4008, 1),
(2034, 'Khallar', 4008, 1),
(2035, 'Khamgaon', 4008, 1),
(2036, 'Khanapur', 4008, 1),
(2037, 'Khandala', 4008, 1),
(2038, 'Khangaon', 4008, 1),
(2039, 'Khapa', 4008, 1),
(2040, 'Kharakvasla', 4008, 1),
(2041, 'Kharda', 4008, 1),
(2042, 'Kharghar', 4008, 1),
(2043, 'Kharsundi', 4008, 1),
(2044, 'Khed', 4008, 1),
(2045, 'Khede', 4008, 1),
(2046, 'Khetia', 4008, 1),
(2047, 'Khoni', 4008, 1),
(2048, 'Khopoli', 4008, 1),
(2049, 'Khuldabad', 4008, 1),
(2050, 'Kinwat', 4008, 1),
(2051, 'Kodoli', 4008, 1),
(2052, 'Kolhapur', 4008, 1),
(2053, 'Kondalwadi', 4008, 1),
(2054, 'Kondhali', 4008, 1),
(2055, 'Kopar Khairane', 4008, 1),
(2056, 'Kopargaon', 4008, 1),
(2057, 'Kopela', 4008, 1),
(2058, 'Koradi', 4008, 1),
(2059, 'Koregaon', 4008, 1),
(2060, 'Koynanagar', 4008, 1),
(2061, 'Kudal', 4008, 1),
(2062, 'Kuhi', 4008, 1),
(2063, 'Kurandvad', 4008, 1),
(2064, 'Kurankhed', 4008, 1),
(2065, 'Kurduvadi', 4008, 1),
(2066, 'Kusumba', 4008, 1),
(2067, 'Lakhandur', 4008, 1),
(2068, 'Lanja', 4008, 1),
(2069, 'Lasalgaon', 4008, 1),
(2070, 'Latur', 4008, 1),
(2071, 'Lavasa', 4008, 1),
(2072, 'Lohogaon', 4008, 1),
(2073, 'Lonar', 4008, 1),
(2074, 'Lonavla', 4008, 1),
(2075, 'Mahabaleshwar', 4008, 1),
(2076, 'Mahad', 4008, 1),
(2077, 'Mahape', 4008, 1),
(2078, 'Mahim', 4008, 1),
(2079, 'Maindargi', 4008, 1),
(2080, 'Majalgaon', 4008, 1),
(2081, 'Makhjan', 4008, 1),
(2082, 'Malabar Hill', 4008, 1),
(2083, 'Malad', 4008, 1),
(2084, 'Malegaon', 4008, 1),
(2085, 'Malkapur', 4008, 1),
(2086, 'Malvan', 4008, 1),
(2087, 'Manchar', 4008, 1),
(2088, 'Mandangad', 4008, 1),
(2089, 'Mandhal', 4008, 1),
(2090, 'Mandwa', 4008, 1),
(2091, 'Mangaon', 4008, 1),
(2092, 'Mangrul Pir', 4008, 1),
(2093, 'Manjlegaon', 4008, 1),
(2094, 'Mankeshwar', 4008, 1),
(2095, 'Mankhurd', 4008, 1),
(2096, 'Manmad', 4008, 1),
(2097, 'Manor', 4008, 1),
(2098, 'Mansar', 4008, 1),
(2099, 'Manwat', 4008, 1),
(2100, 'Manwath', 4008, 1),
(2101, 'Maregaon', 4008, 1),
(2102, 'Mastiholi', 4008, 1),
(2103, 'Masur India', 4008, 1),
(2104, 'Matheran', 4008, 1),
(2105, 'Matunga', 4008, 1),
(2106, 'Mazagaon', 4008, 1),
(2107, 'Mehekar', 4008, 1),
(2108, 'Mehergaon', 4008, 1),
(2109, 'Mehkar', 4008, 1),
(2110, 'Mhasla', 4008, 1),
(2111, 'Mhasvad', 4008, 1),
(2112, 'Miraj', 4008, 1),
(2113, 'Mohadi', 4008, 1),
(2114, 'Mohol', 4008, 1),
(2115, 'Mohpa', 4008, 1),
(2116, 'Mokhada taluka', 4008, 1),
(2117, 'Mora Maharashtra', 4008, 1),
(2118, 'Moram', 4008, 1),
(2119, 'Morsi', 4008, 1),
(2120, 'Mowad', 4008, 1),
(2121, 'Mudkhed', 4008, 1),
(2122, 'Mukher', 4008, 1),
(2123, 'Mul', 4008, 1),
(2124, 'Mulher', 4008, 1),
(2125, 'Mulund', 4008, 1),
(2126, 'Mumbai', 4008, 1),
(2127, 'Mumbai Suburban', 4008, 1),
(2128, 'Murbad', 4008, 1),
(2129, 'Murgud', 4008, 1),
(2130, 'Murtajapur', 4008, 1),
(2131, 'Murud (Raigad)', 4008, 1),
(2132, 'Murud (Ratnagiri)', 4008, 1),
(2133, 'Murum', 4008, 1),
(2134, 'Nadgaon', 4008, 1),
(2135, 'Nagapur', 4008, 1),
(2136, 'Nagothana', 4008, 1),
(2137, 'Nagpur', 4008, 1),
(2138, 'Nagpur Division', 4008, 1),
(2139, 'Nala Sopara', 4008, 1),
(2140, 'Naldurg', 4008, 1),
(2141, 'Nalegaon', 4008, 1),
(2142, 'Nampur', 4008, 1),
(2143, 'Nanded', 4008, 1),
(2144, 'Nandgaon', 4008, 1),
(2145, 'Nandnee', 4008, 1),
(2146, 'Nandura', 4008, 1),
(2147, 'Nandura Buzurg', 4008, 1),
(2148, 'Nandurbar', 4008, 1),
(2149, 'Narayangaon', 4008, 1),
(2150, 'Nardana', 4008, 1),
(2151, 'Nariman Point', 4008, 1),
(2152, 'Narkhed', 4008, 1),
(2153, 'Nashik', 4008, 1),
(2154, 'Nashik Division', 4008, 1),
(2155, 'Navapur', 4008, 1),
(2156, 'Navi Mumbai', 4008, 1),
(2157, 'Neral', 4008, 1),
(2158, 'Nerur', 4008, 1),
(2159, 'Nevasa', 4008, 1),
(2160, 'Nighoj', 4008, 1),
(2161, 'Nilanga', 4008, 1),
(2162, 'Nipani', 4008, 1),
(2163, 'Niphad', 4008, 1),
(2164, 'Nira Narsingpur', 4008, 1),
(2165, 'Osmanabad', 4008, 1),
(2166, 'Ozar', 4008, 1),
(2167, 'Pabal', 4008, 1),
(2168, 'Pachora', 4008, 1),
(2169, 'Pahur Maharashtra', 4008, 1),
(2170, 'Paithan', 4008, 1),
(2171, 'Palghar', 4008, 1),
(2172, 'Pali Raigad', 4008, 1),
(2173, 'Palso', 4008, 1),
(2174, 'Panchgani', 4008, 1),
(2175, 'Pandharpur', 4008, 1),
(2176, 'Pandhurli', 4008, 1),
(2177, 'Panhala', 4008, 1),
(2178, 'Panvel', 4008, 1),
(2179, 'Parbhani', 4008, 1),
(2180, 'Parel', 4008, 1),
(2181, 'Parli Vaijnath', 4008, 1),
(2182, 'Parner', 4008, 1),
(2183, 'Parola', 4008, 1),
(2184, 'Parseoni', 4008, 1),
(2185, 'Partur', 4008, 1),
(2186, 'Patan', 4008, 1),
(2187, 'Pathardi', 4008, 1),
(2188, 'Pathri', 4008, 1),
(2189, 'Patur', 4008, 1),
(2190, 'Paturda', 4008, 1),
(2191, 'Paud', 4008, 1),
(2192, 'Pauni', 4008, 1),
(2193, 'Pawni', 4008, 1),
(2194, 'Pedgaon', 4008, 1),
(2195, 'Peint', 4008, 1),
(2196, 'Pen', 4008, 1),
(2197, 'Phaltan', 4008, 1),
(2198, 'Phulambri', 4008, 1),
(2199, 'Piliv', 4008, 1),
(2200, 'Pimpalgaon Baswant', 4008, 1),
(2201, 'Pimpalgaon Raja', 4008, 1),
(2202, 'Pimpri', 4008, 1),
(2203, 'Pimpri-Chinchwad', 4008, 1),
(2204, 'Pipri', 4008, 1),
(2205, 'Powai', 4008, 1),
(2206, 'Prabhadevi', 4008, 1),
(2207, 'Prakasha', 4008, 1),
(2208, 'Pulgaon', 4008, 1),
(2209, 'Pune', 4008, 1),
(2210, 'Pune Division', 4008, 1),
(2211, 'Puntamba', 4008, 1),
(2212, 'Pural', 4008, 1),
(2213, 'Purna', 4008, 1),
(2214, 'Pusad', 4008, 1),
(2215, 'Radhanagari', 4008, 1),
(2216, 'Rahata', 4008, 1),
(2217, 'Rahimatpur', 4008, 1),
(2218, 'Rahuri', 4008, 1),
(2219, 'Raigarh', 4008, 1),
(2220, 'Raireshwar', 4008, 1),
(2221, 'Rajapur', 4008, 1),
(2222, 'Rajgurunagar', 4008, 1),
(2223, 'Rajur', 4008, 1),
(2224, 'Rajura', 4008, 1),
(2225, 'Ralegaon', 4008, 1),
(2226, 'Ramewadi', 4008, 1),
(2227, 'Ramtek', 4008, 1),
(2228, 'Ratnagiri', 4008, 1),
(2229, 'Raver', 4008, 1),
(2230, 'Renapur', 4008, 1),
(2231, 'Renavi', 4008, 1),
(2232, 'Revadanda', 4008, 1),
(2233, 'Revdanda', 4008, 1),
(2234, 'Risod', 4008, 1),
(2235, 'Roha', 4008, 1),
(2236, 'Sailu', 4008, 1),
(2237, 'Sakol', 4008, 1),
(2238, 'Sakoli', 4008, 1),
(2239, 'Sakri', 4008, 1),
(2240, 'Samudrapur', 4008, 1),
(2241, 'Sangameshwar', 4008, 1),
(2242, 'Sangamner', 4008, 1),
(2243, 'Sangli', 4008, 1),
(2244, 'Sangola', 4008, 1),
(2245, 'Sangole', 4008, 1),
(2246, 'Sangrampur Maharashtra', 4008, 1),
(2247, 'Saoli', 4008, 1),
(2248, 'Saoner', 4008, 1),
(2249, 'Sarangkheda', 4008, 1),
(2250, 'Sasvad', 4008, 1),
(2251, 'Saswad', 4008, 1),
(2252, 'Satana', 4008, 1),
(2253, 'Satara', 4008, 1),
(2254, 'Satara Division', 4008, 1),
(2255, 'Satpati', 4008, 1),
(2256, 'Savantvadi', 4008, 1),
(2257, 'Savda', 4008, 1),
(2258, 'Savlaj', 4008, 1),
(2259, 'Sawantvadi', 4008, 1),
(2260, 'Selu', 4008, 1),
(2261, 'Sevagram', 4008, 1),
(2262, 'Sewri', 4008, 1),
(2263, 'Shahada', 4008, 1),
(2264, 'Shahapur', 4008, 1),
(2265, 'Shedbal', 4008, 1),
(2266, 'Shegaon', 4008, 1),
(2267, 'Shevgaon', 4008, 1),
(2268, 'Shikrapur', 4008, 1),
(2269, 'Shiraguppi', 4008, 1),
(2270, 'Shirala', 4008, 1),
(2271, 'Shirdi', 4008, 1),
(2272, 'Shirgaon', 4008, 1),
(2273, 'Shirol', 4008, 1),
(2274, 'Shirpur', 4008, 1),
(2275, 'Shirud', 4008, 1),
(2276, 'Shirwal', 4008, 1),
(2277, 'Shivaji Nagar', 4008, 1),
(2278, 'Shrigonda', 4008, 1),
(2279, 'Sillod', 4008, 1),
(2280, 'Sindewahi', 4008, 1),
(2281, 'Sindhudurg', 4008, 1),
(2282, 'Sindi', 4008, 1),
(2283, 'Sindkheda', 4008, 1),
(2284, 'Sinnar', 4008, 1),
(2285, 'Sion Mumbai', 4008, 1),
(2286, 'Sironcha', 4008, 1),
(2287, 'Sirur', 4008, 1),
(2288, 'Sivala East Godavari district', 4008, 1),
(2289, 'Solapur', 4008, 1),
(2290, 'Sonala', 4008, 1),
(2291, 'Sonegaon', 4008, 1),
(2292, 'Songir', 4008, 1),
(2293, 'Sonvad', 4008, 1),
(2294, 'Soygaon', 4008, 1),
(2295, 'Srivardhan', 4008, 1),
(2296, 'Surgana', 4008, 1),
(2297, 'Taklibhan', 4008, 1),
(2298, 'Talbid', 4008, 1),
(2299, 'Talegaon Dabhade', 4008, 1),
(2300, 'Talegaon Dhamdhere', 4008, 1),
(2301, 'Taloda', 4008, 1),
(2302, 'Talode', 4008, 1),
(2303, 'Tarapur', 4008, 1),
(2304, 'Tardeo', 4008, 1),
(2305, 'Tasgaon', 4008, 1),
(2306, 'Telhara', 4008, 1),
(2307, 'Thalner', 4008, 1),
(2308, 'Thane', 4008, 1),
(2309, 'Trimbak', 4008, 1),
(2310, 'Trombay', 4008, 1),
(2311, 'Tuljapur', 4008, 1),
(2312, 'Tumsar', 4008, 1),
(2313, 'Udgir', 4008, 1),
(2314, 'Ulhasnagar', 4008, 1),
(2315, 'Umarga', 4008, 1),
(2316, 'Umarkhed', 4008, 1),
(2317, 'Umred', 4008, 1),
(2318, 'Uran', 4008, 1),
(2319, 'Uruli Kanchan', 4008, 1),
(2320, 'Vada', 4008, 1),
(2321, 'Vadgaon', 4008, 1),
(2322, 'Vadner', 4008, 1),
(2323, 'Vaijapur', 4008, 1),
(2324, 'Vairag', 4008, 1),
(2325, 'Valsang', 4008, 1),
(2326, 'Vangaon', 4008, 1),
(2327, 'Varangaon', 4008, 1),
(2328, 'Vashi', 4008, 1),
(2329, 'Vasind', 4008, 1),
(2330, 'Vatul', 4008, 1),
(2331, 'Velas Maharashtra', 4008, 1),
(2332, 'Velneshwar', 4008, 1),
(2333, 'Vengurla', 4008, 1),
(2334, 'Vijaydurg', 4008, 1),
(2335, 'Vikhroli', 4008, 1),
(2336, 'Vile Parle', 4008, 1),
(2337, 'Vinchur', 4008, 1),
(2338, 'Virar', 4008, 1),
(2339, 'Vita Maharashtra', 4008, 1),
(2340, 'Vite', 4008, 1),
(2341, 'Wadala', 4008, 1),
(2342, 'Wadgaon', 4008, 1),
(2343, 'Wadner', 4008, 1),
(2344, 'Wadwani', 4008, 1),
(2345, 'Wagholi', 4008, 1),
(2346, 'Wai', 4008, 1),
(2347, 'Wakad', 4008, 1),
(2348, 'Walgaon', 4008, 1),
(2349, 'Walki', 4008, 1),
(2350, 'Wani', 4008, 1),
(2351, 'Wardha', 4008, 1),
(2352, 'Warora', 4008, 1),
(2353, 'Warud', 4008, 1),
(2354, 'Washim', 4008, 1),
(2355, 'Worli', 4008, 1),
(2356, 'Yaval', 4008, 1),
(2357, 'Yavatmal', 4008, 1),
(2358, 'Yeola', 4008, 1),
(2359, 'Bishnupur', 4010, 1),
(2360, 'Churachandpur', 4010, 1),
(2361, 'Imphal', 4010, 1),
(2362, 'Kakching', 4010, 1),
(2363, 'Mayang Imphal', 4010, 1),
(2364, 'Moirang', 4010, 1),
(2365, 'Phek', 4010, 1),
(2366, 'Senapati', 4010, 1),
(2367, 'Tamenglong', 4010, 1),
(2368, 'Thoubal', 4010, 1),
(2369, 'Ukhrul', 4010, 1),
(2370, 'Wangjing', 4010, 1),
(2371, 'Yairipok', 4010, 1),
(2372, 'Cherrapunji', 4006, 1),
(2373, 'East Garo Hills', 4006, 1),
(2374, 'East Jaintia Hills', 4006, 1),
(2375, 'East Khasi Hills', 4006, 1),
(2376, 'Mairang', 4006, 1),
(2377, 'Mankachar', 4006, 1),
(2378, 'Nongpoh', 4006, 1),
(2379, 'Nongstoin', 4006, 1),
(2380, 'North Garo Hills', 4006, 1),
(2381, 'Ri-Bhoi', 4006, 1),
(2382, 'Shillong', 4006, 1),
(2383, 'South Garo Hills', 4006, 1),
(2384, 'South West Garo Hills', 4006, 1),
(2385, 'South West Khasi Hills', 4006, 1),
(2386, 'Tura', 4006, 1),
(2387, 'West Garo Hills', 4006, 1),
(2388, 'West Jaintia Hills', 4006, 1),
(2389, 'West Khasi Hills', 4006, 1),
(2390, 'Aizawl', 4036, 1),
(2391, 'Champhai', 4036, 1),
(2392, 'Darlawn', 4036, 1),
(2393, 'Khawhai', 4036, 1),
(2394, 'Kolasib', 4036, 1),
(2395, 'Kolasib district', 4036, 1),
(2396, 'Lawngtlai', 4036, 1),
(2397, 'Lunglei', 4036, 1),
(2398, 'Mamit', 4036, 1),
(2399, 'North Vanlaiphai', 4036, 1),
(2400, 'Saiha', 4036, 1),
(2401, 'Sairang', 4036, 1),
(2402, 'Saitlaw', 4036, 1),
(2403, 'Serchhip', 4036, 1),
(2404, 'Thenzawl', 4036, 1),
(2405, 'Dimapur', 4018, 1),
(2406, 'Kohima', 4018, 1),
(2407, 'Mokokchung', 4018, 1),
(2408, 'Mon', 4018, 1),
(2409, 'Peren', 4018, 1),
(2410, 'Phek', 4018, 1),
(2411, 'Tuensang', 4018, 1),
(2412, 'Tuensang District', 4018, 1),
(2413, 'Wokha', 4018, 1),
(2414, 'Zunheboto', 4018, 1),
(2415, 'Angul', 4013, 1),
(2416, 'Angul District', 4013, 1),
(2417, 'Asika', 4013, 1),
(2418, 'Athagarh', 4013, 1),
(2419, 'Bada Barabil', 4013, 1),
(2420, 'Balangir', 4013, 1),
(2421, 'Balasore', 4013, 1),
(2422, 'Baleshwar', 4013, 1),
(2423, 'Balimila', 4013, 1),
(2424, 'Balugaon', 4013, 1),
(2425, 'Banapur', 4013, 1),
(2426, 'Banki', 4013, 1),
(2427, 'Banposh', 4013, 1),
(2428, 'Baragarh', 4013, 1),
(2429, 'Barbil', 4013, 1),
(2430, 'Bargarh', 4013, 1),
(2431, 'Barpali', 4013, 1),
(2432, 'Basudebpur', 4013, 1),
(2433, 'Baud', 4013, 1),
(2434, 'Baudh', 4013, 1),
(2435, 'Belaguntha', 4013, 1),
(2436, 'Bhadrak', 4013, 1),
(2437, 'Bhadrakh', 4013, 1),
(2438, 'Bhanjanagar', 4013, 1),
(2439, 'Bhawanipatna', 4013, 1),
(2440, 'Bhuban', 4013, 1),
(2441, 'Bhubaneswar', 4013, 1),
(2442, 'Binka', 4013, 1),
(2443, 'Birmitrapur', 4013, 1),
(2444, 'Bolanikhodan', 4013, 1),
(2445, 'Brahmapur', 4013, 1),
(2446, 'Brajarajnagar', 4013, 1),
(2447, 'Buguda', 4013, 1),
(2448, 'Burla', 4013, 1),
(2449, 'Champua', 4013, 1),
(2450, 'Chandbali', 4013, 1),
(2451, 'Chatrapur', 4013, 1),
(2452, 'Chikitigarh', 4013, 1),
(2453, 'Chittarkonda', 4013, 1),
(2454, 'Cuttack', 4013, 1),
(2455, 'Daitari', 4013, 1),
(2456, 'Deogarh', 4013, 1),
(2457, 'Dhenkanal', 4013, 1),
(2458, 'Digapahandi', 4013, 1),
(2459, 'Gajapati', 4013, 1),
(2460, 'Ganjam', 4013, 1),
(2461, 'Gopalpur', 4013, 1),
(2462, 'Gudari', 4013, 1),
(2463, 'Gunupur', 4013, 1),
(2464, 'Hinjilikatu', 4013, 1),
(2465, 'Hirakud', 4013, 1),
(2466, 'Jagatsinghapur', 4013, 1),
(2467, 'Jagatsinghpur', 4013, 1),
(2468, 'Jajpur', 4013, 1),
(2469, 'Jaleshwar', 4013, 1),
(2470, 'Jatani', 4013, 1),
(2471, 'Jeypore', 4013, 1),
(2472, 'Jharsuguda', 4013, 1),
(2473, 'Jharsuguda District', 4013, 1),
(2474, 'Kaintragarh', 4013, 1),
(2475, 'Kalahandi', 4013, 1),
(2476, 'Kamakhyanagar', 4013, 1),
(2477, 'Kandhamal', 4013, 1),
(2478, 'Kantabanji', 4013, 1),
(2479, 'Kantilo', 4013, 1),
(2480, 'Kendrapara', 4013, 1),
(2481, 'Kendraparha', 4013, 1),
(2482, 'Kendujhar', 4013, 1),
(2483, 'Kesinga', 4013, 1),
(2484, 'Khallikot', 4013, 1),
(2485, 'Kharhial', 4013, 1),
(2486, 'Khordha', 4013, 1),
(2487, 'Khurda', 4013, 1),
(2488, 'Kiri Buru', 4013, 1),
(2489, 'Kodala', 4013, 1),
(2490, 'Konarka', 4013, 1),
(2491, 'Koraput', 4013, 1),
(2492, 'Kuchaiburi', 4013, 1),
(2493, 'Kuchinda', 4013, 1),
(2494, 'Malakanagiri', 4013, 1),
(2495, 'Malkangiri', 4013, 1),
(2496, 'Mayurbhanj', 4013, 1),
(2497, 'Nabarangpur', 4013, 1),
(2498, 'Nayagarh', 4013, 1),
(2499, 'Nayagarh District', 4013, 1),
(2500, 'Nilgiri', 4013, 1),
(2501, 'Nimaparha', 4013, 1),
(2502, 'Nowrangapur', 4013, 1),
(2503, 'Nuapada', 4013, 1),
(2504, 'Padampur', 4013, 1),
(2505, 'Paradip Garh', 4013, 1),
(2506, 'Patamundai', 4013, 1),
(2507, 'Patnagarh', 4013, 1),
(2508, 'Phulbani', 4013, 1),
(2509, 'Pipili', 4013, 1),
(2510, 'Polasara', 4013, 1),
(2511, 'Puri', 4013, 1),
(2512, 'Purushottampur', 4013, 1),
(2513, 'Rambha', 4013, 1),
(2514, 'Raurkela', 4013, 1),
(2515, 'Rayagada', 4013, 1),
(2516, 'Remuna', 4013, 1),
(2517, 'Rengali', 4013, 1),
(2518, 'Sambalpur', 4013, 1),
(2519, 'Sonepur', 4013, 1),
(2520, 'Sorada', 4013, 1),
(2521, 'Soro', 4013, 1),
(2522, 'Subarnapur', 4013, 1),
(2523, 'Sundargarh', 4013, 1),
(2524, 'Talcher', 4013, 1),
(2525, 'Tarabha', 4013, 1),
(2526, 'Titlagarh', 4013, 1),
(2527, 'Udayagiri', 4013, 1),
(2528, 'Karaikal', 4011, 1),
(2529, 'Mahe', 4011, 1),
(2530, 'Puducherry', 4011, 1),
(2531, 'Yanam', 4011, 1),
(2532, 'Abohar', 4015, 1),
(2533, 'Adampur', 4015, 1),
(2534, 'Ajitgarh', 4015, 1),
(2535, 'Ajnala', 4015, 1),
(2536, 'Akalgarh', 4015, 1),
(2537, 'Alawalpur', 4015, 1),
(2538, 'Amloh', 4015, 1),
(2539, 'Amritsar', 4015, 1),
(2540, 'Anandpur Sahib', 4015, 1),
(2541, 'Badhni Kalan', 4015, 1),
(2542, 'Bagha Purana', 4015, 1),
(2543, 'Bakloh', 4015, 1),
(2544, 'Balachor', 4015, 1),
(2545, 'Banga', 4015, 1),
(2546, 'Banur', 4015, 1),
(2547, 'Barnala', 4015, 1),
(2548, 'Batala', 4015, 1),
(2549, 'Begowal', 4015, 1),
(2550, 'Bhadaur', 4015, 1),
(2551, 'Bhatinda', 4015, 1),
(2552, 'Bhawanigarh', 4015, 1),
(2553, 'Bhikhi', 4015, 1),
(2554, 'Bhogpur', 4015, 1),
(2555, 'Bholath', 4015, 1),
(2556, 'Budhlada', 4015, 1),
(2557, 'Chima', 4015, 1),
(2558, 'Dasuya', 4015, 1),
(2559, 'Dera Baba Nanak', 4015, 1),
(2560, 'Dera Bassi', 4015, 1),
(2561, 'Dhanaula', 4015, 1),
(2562, 'Dhariwal', 4015, 1),
(2563, 'Dhilwan', 4015, 1),
(2564, 'Dhudi', 4015, 1),
(2565, 'Dhuri', 4015, 1),
(2566, 'Dina Nagar', 4015, 1),
(2567, 'Dirba', 4015, 1),
(2568, 'Doraha', 4015, 1),
(2569, 'Faridkot', 4015, 1),
(2570, 'Fatehgarh Churian', 4015, 1),
(2571, 'Fatehgarh Sahib', 4015, 1),
(2572, 'Fazilka', 4015, 1),
(2573, 'Firozpur', 4015, 1),
(2574, 'Firozpur District', 4015, 1),
(2575, 'Gardhiwala', 4015, 1),
(2576, 'Garhshankar', 4015, 1),
(2577, 'Ghanaur', 4015, 1),
(2578, 'Giddarbaha', 4015, 1),
(2579, 'Gurdaspur', 4015, 1),
(2580, 'Guru Har Sahai', 4015, 1),
(2581, 'Hajipur', 4015, 1),
(2582, 'Hariana', 4015, 1),
(2583, 'Hoshiarpur', 4015, 1),
(2584, 'Ishanpur', 4015, 1),
(2585, 'Jagraon', 4015, 1),
(2586, 'Jaito', 4015, 1),
(2587, 'Jalalabad', 4015, 1),
(2588, 'Jalandhar', 4015, 1),
(2589, 'Jandiala', 4015, 1),
(2590, 'Jandiala Guru', 4015, 1),
(2591, 'Kalanaur', 4015, 1),
(2592, 'Kapurthala', 4015, 1),
(2593, 'Kartarpur', 4015, 1),
(2594, 'Khamanon', 4015, 1),
(2595, 'Khanna', 4015, 1),
(2596, 'Kharar', 4015, 1),
(2597, 'Khemkaran', 4015, 1),
(2598, 'Kot Isa Khan', 4015, 1),
(2599, 'Kotkapura', 4015, 1),
(2600, 'Laungowal', 4015, 1),
(2601, 'Ludhiana', 4015, 1),
(2602, 'Machhiwara', 4015, 1),
(2603, 'Majitha', 4015, 1),
(2604, 'Makhu', 4015, 1),
(2605, 'Malaut', 4015, 1),
(2606, 'Malerkotla', 4015, 1),
(2607, 'Mansa', 4015, 1),
(2608, 'Maur Mandi', 4015, 1),
(2609, 'Moga', 4015, 1),
(2610, 'Mohali', 4015, 1),
(2611, 'Morinda', 4015, 1),
(2612, 'Mukerian', 4015, 1),
(2613, 'Nabha', 4015, 1),
(2614, 'Nakodar', 4015, 1),
(2615, 'Nangal', 4015, 1),
(2616, 'Nawanshahr', 4015, 1),
(2617, 'Nurmahal', 4015, 1),
(2618, 'Nurpur Kalan', 4015, 1),
(2619, 'Pathankot', 4015, 1),
(2620, 'Patiala', 4015, 1),
(2621, 'Patti', 4015, 1),
(2622, 'Phagwara', 4015, 1),
(2623, 'Phillaur', 4015, 1),
(2624, 'Qadian', 4015, 1),
(2625, 'Rahon', 4015, 1),
(2626, 'Raikot', 4015, 1),
(2627, 'Rajasansi', 4015, 1),
(2628, 'Rajpura', 4015, 1),
(2629, 'Ram Das', 4015, 1),
(2630, 'Rampura', 4015, 1),
(2631, 'Rupnagar', 4015, 1),
(2632, 'Samrala', 4015, 1),
(2633, 'Sanaur', 4015, 1),
(2634, 'Sangrur', 4015, 1),
(2635, 'Sardulgarh', 4015, 1),
(2636, 'Shahid Bhagat Singh Nagar', 4015, 1),
(2637, 'Shahkot', 4015, 1),
(2638, 'Sham Churasi', 4015, 1),
(2639, 'Sirhind-Fategarh', 4015, 1),
(2640, 'Sri Muktsar Sahib', 4015, 1),
(2641, 'Sultanpur Lodhi', 4015, 1),
(2642, 'Sunam', 4015, 1),
(2643, 'Talwandi Bhai', 4015, 1),
(2644, 'Talwara', 4015, 1),
(2645, 'Tarn Taran Sahib', 4015, 1),
(2646, 'Zira', 4015, 1),
(2647, 'Abhaneri', 4014, 1),
(2648, 'Abu', 4014, 1),
(2649, 'Abu Road', 4014, 1),
(2650, 'Ajmer', 4014, 1),
(2651, 'Aklera', 4014, 1),
(2652, 'Alwar', 4014, 1),
(2653, 'Amet', 4014, 1),
(2654, 'Anta', 4014, 1),
(2655, 'Anupgarh', 4014, 1),
(2656, 'Asind', 4014, 1),
(2657, 'Bagar', 4014, 1),
(2658, 'Bakani', 4014, 1),
(2659, 'Bali', 4014, 1),
(2660, 'Balotra', 4014, 1),
(2661, 'Bandikui', 4014, 1),
(2662, 'Banswara', 4014, 1),
(2663, 'Baran', 4014, 1),
(2664, 'Bari', 4014, 1),
(2665, 'Bari Sadri', 4014, 1),
(2666, 'Barmer', 4014, 1),
(2667, 'Basi', 4014, 1),
(2668, 'Basni', 4014, 1),
(2669, 'Baswa', 4014, 1),
(2670, 'Bayana', 4014, 1),
(2671, 'Beawar', 4014, 1),
(2672, 'Begun', 4014, 1),
(2673, 'Behror', 4014, 1),
(2674, 'Bhadasar', 4014, 1),
(2675, 'Bhadra', 4014, 1),
(2676, 'Bharatpur', 4014, 1),
(2677, 'Bhasawar', 4014, 1),
(2678, 'Bhilwara', 4014, 1),
(2679, 'Bhindar', 4014, 1),
(2680, 'Bhinmal', 4014, 1),
(2681, 'Bhiwadi', 4014, 1),
(2682, 'Bhuma', 4014, 1),
(2683, 'Bikaner', 4014, 1),
(2684, 'Bilara', 4014, 1),
(2685, 'Bissau', 4014, 1),
(2686, 'Borkhera', 4014, 1),
(2687, 'Bundi', 4014, 1),
(2688, 'Chaksu', 4014, 1),
(2689, 'Chechat', 4014, 1),
(2690, 'Chhabra', 4014, 1),
(2691, 'Chhapar', 4014, 1),
(2692, 'Chhoti Sadri', 4014, 1),
(2693, 'Chidawa', 4014, 1),
(2694, 'Chittaurgarh', 4014, 1),
(2695, 'Churu', 4014, 1),
(2696, 'Dariba', 4014, 1),
(2697, 'Dausa', 4014, 1),
(2698, 'Deoli', 4014, 1),
(2699, 'Deshnoke', 4014, 1),
(2700, 'Devgarh', 4014, 1),
(2701, 'Dhaulpur', 4014, 1),
(2702, 'Didwana', 4014, 1),
(2703, 'Dig', 4014, 1),
(2704, 'Dungarpur', 4014, 1),
(2705, 'Fatehpur', 4014, 1),
(2706, 'Galiakot', 4014, 1),
(2707, 'Ganganagar', 4014, 1),
(2708, 'Gangapur', 4014, 1),
(2709, 'Govindgarh', 4014, 1),
(2710, 'Gulabpura', 4014, 1),
(2711, 'Hanumangarh', 4014, 1),
(2712, 'Hindaun', 4014, 1),
(2713, 'Jahazpur', 4014, 1),
(2714, 'Jaipur', 4014, 1),
(2715, 'Jaisalmer', 4014, 1),
(2716, 'Jaitaran', 4014, 1),
(2717, 'Jalor', 4014, 1),
(2718, 'Jalore', 4014, 1),
(2719, 'Jhalawar', 4014, 1),
(2720, 'Jhalrapatan', 4014, 1),
(2721, 'Jhunjhunun', 4014, 1),
(2722, 'Jobner', 4014, 1),
(2723, 'Jodhpur', 4014, 1),
(2724, 'Kaman', 4014, 1),
(2725, 'Kanor', 4014, 1),
(2726, 'Kapren', 4014, 1),
(2727, 'Karanpur', 4014, 1),
(2728, 'Karauli', 4014, 1),
(2729, 'Kekri', 4014, 1),
(2730, 'Keshorai Patan', 4014, 1),
(2731, 'Khandela', 4014, 1),
(2732, 'Khanpur', 4014, 1),
(2733, 'Khetri', 4014, 1),
(2734, 'Kishangarh', 4014, 1),
(2735, 'Kota', 4014, 1),
(2736, 'Kotputli', 4014, 1),
(2737, 'Kuchaman', 4014, 1),
(2738, 'Kuchera', 4014, 1),
(2739, 'Kumher', 4014, 1),
(2740, 'Kushalgarh', 4014, 1),
(2741, 'Lachhmangarh Sikar', 4014, 1),
(2742, 'Ladnun', 4014, 1),
(2743, 'Lakheri', 4014, 1),
(2744, 'Lalsot', 4014, 1),
(2745, 'Losal', 4014, 1),
(2746, 'Mahwah', 4014, 1),
(2747, 'Makrana', 4014, 1),
(2748, 'Malpura', 4014, 1),
(2749, 'Mandal', 4014, 1),
(2750, 'Mandalgarh', 4014, 1),
(2751, 'Mandawar', 4014, 1),
(2752, 'Mangrol', 4014, 1),
(2753, 'Manohar Thana', 4014, 1),
(2754, 'Manoharpur', 4014, 1),
(2755, 'Meethari Marwar', 4014, 1),
(2756, 'Merta', 4014, 1),
(2757, 'Mundwa', 4014, 1),
(2758, 'Nadbai', 4014, 1),
(2759, 'Nagar', 4014, 1),
(2760, 'Nagaur', 4014, 1),
(2761, 'Nainwa', 4014, 1),
(2762, 'Napasar', 4014, 1),
(2763, 'Naraina', 4014, 1),
(2764, 'Nasirabad', 4014, 1),
(2765, 'Nathdwara', 4014, 1),
(2766, 'Nawa', 4014, 1),
(2767, 'Nawalgarh', 4014, 1),
(2768, 'Neem ka Thana', 4014, 1),
(2769, 'Nimaj', 4014, 1),
(2770, 'Nimbahera', 4014, 1),
(2771, 'Niwai', 4014, 1),
(2772, 'Nohar', 4014, 1),
(2773, 'Nokha', 4014, 1),
(2774, 'Padampur', 4014, 1),
(2775, 'Pali', 4014, 1),
(2776, 'Partapur', 4014, 1),
(2777, 'Parvatsar', 4014, 1),
(2778, 'Phalodi', 4014, 1),
(2779, 'Phulera', 4014, 1),
(2780, 'Pilani', 4014, 1),
(2781, 'Pilibangan', 4014, 1),
(2782, 'Pindwara', 4014, 1),
(2783, 'Pipar', 4014, 1),
(2784, 'Pirawa', 4014, 1),
(2785, 'Pokaran', 4014, 1),
(2786, 'Pratapgarh', 4014, 1),
(2787, 'Pushkar', 4014, 1),
(2788, 'Raipur', 4014, 1),
(2789, 'Raisinghnagar', 4014, 1),
(2790, 'Rajakhera', 4014, 1),
(2791, 'Rajaldesar', 4014, 1),
(2792, 'Rajgarh', 4014, 1),
(2793, 'Rajsamand', 4014, 1),
(2794, 'Ramganj Mandi', 4014, 1),
(2795, 'Ramgarh', 4014, 1),
(2796, 'Rani', 4014, 1),
(2797, 'Ratangarh', 4014, 1),
(2798, 'Rawatbhata', 4014, 1),
(2799, 'Rawatsar', 4014, 1),
(2800, 'Ringas', 4014, 1),
(2801, 'Sadri', 4014, 1),
(2802, 'Salumbar', 4014, 1),
(2803, 'Sambhar', 4014, 1),
(2804, 'Samdari', 4014, 1),
(2805, 'Sanchor', 4014, 1),
(2806, 'Sangaria', 4014, 1),
(2807, 'Sangod', 4014, 1),
(2808, 'Sardarshahr', 4014, 1),
(2809, 'Sarwar', 4014, 1),
(2810, 'Sawai Madhopur', 4014, 1),
(2811, 'Shahpura', 4014, 1),
(2812, 'Sheoganj', 4014, 1),
(2813, 'Sikar', 4014, 1),
(2814, 'Sirohi', 4014, 1),
(2815, 'Siwana', 4014, 1),
(2816, 'Sojat', 4014, 1),
(2817, 'Sri Dungargarh', 4014, 1),
(2818, 'Sri Madhopur', 4014, 1),
(2819, 'Sujangarh', 4014, 1),
(2820, 'Suket', 4014, 1),
(2821, 'Sunel', 4014, 1),
(2822, 'Surajgarh', 4014, 1),
(2823, 'Suratgarh', 4014, 1),
(2824, 'Takhatgarh', 4014, 1),
(2825, 'Taranagar', 4014, 1),
(2826, 'Tijara', 4014, 1),
(2827, 'Todabhim', 4014, 1),
(2828, 'Todaraisingh', 4014, 1),
(2829, 'Tonk', 4014, 1),
(2830, 'Udaipur', 4014, 1),
(2831, 'Udpura', 4014, 1),
(2832, 'Uniara', 4014, 1),
(2833, 'Wer', 4014, 1),
(2834, 'East District', 4034, 1),
(2835, 'Gangtok', 4034, 1),
(2836, 'Gyalshing', 4034, 1),
(2837, 'Jorethang', 4034, 1),
(2838, 'Mangan', 4034, 1),
(2839, 'Namchi', 4034, 1),
(2840, 'Naya Bazar', 4034, 1),
(2841, 'North District', 4034, 1),
(2842, 'Rangpo', 4034, 1),
(2843, 'Singtam', 4034, 1),
(2844, 'South District', 4034, 1),
(2845, 'West District', 4034, 1),
(2846, 'Abiramam', 4035, 1),
(2847, 'Adirampattinam', 4035, 1),
(2848, 'Aduthurai', 4035, 1),
(2849, 'Alagapuram', 4035, 1),
(2850, 'Alandur', 4035, 1),
(2851, 'Alanganallur', 4035, 1),
(2852, 'Alangayam', 4035, 1),
(2853, 'Alangudi', 4035, 1),
(2854, 'Alangulam', 4035, 1),
(2855, 'Alappakkam', 4035, 1),
(2856, 'Alwa Tirunagari', 4035, 1),
(2857, 'Ambasamudram', 4035, 1),
(2858, 'Ambattur', 4035, 1),
(2859, 'Ambur', 4035, 1),
(2860, 'Ammapettai', 4035, 1),
(2861, 'Anamalais', 4035, 1),
(2862, 'Andippatti', 4035, 1),
(2863, 'Annamalainagar', 4035, 1),
(2864, 'Annavasal', 4035, 1),
(2865, 'Annur', 4035, 1),
(2866, 'Anthiyur', 4035, 1),
(2867, 'Arakkonam', 4035, 1),
(2868, 'Arantangi', 4035, 1),
(2869, 'Arcot', 4035, 1),
(2870, 'Arimalam', 4035, 1),
(2871, 'Ariyalur', 4035, 1),
(2872, 'Arni', 4035, 1),
(2873, 'Arumbavur', 4035, 1),
(2874, 'Arumuganeri', 4035, 1),
(2875, 'Aruppukkottai', 4035, 1),
(2876, 'Aruvankad', 4035, 1),
(2877, 'Attayyampatti', 4035, 1),
(2878, 'Attur', 4035, 1),
(2879, 'Auroville', 4035, 1),
(2880, 'Avadi', 4035, 1),
(2881, 'Avinashi', 4035, 1),
(2882, 'Ayakudi', 4035, 1),
(2883, 'Ayyampettai', 4035, 1),
(2884, 'Belur', 4035, 1),
(2885, 'Bhavani', 4035, 1),
(2886, 'Bodinayakkanur', 4035, 1),
(2887, 'Chengam', 4035, 1),
(2888, 'Chennai', 4035, 1),
(2889, 'Chennimalai', 4035, 1),
(2890, 'Chetput', 4035, 1),
(2891, 'Chettipalaiyam', 4035, 1),
(2892, 'Cheyyar', 4035, 1),
(2893, 'Cheyyur', 4035, 1),
(2894, 'Chidambaram', 4035, 1),
(2895, 'Chingleput', 4035, 1),
(2896, 'Chinna Salem', 4035, 1),
(2897, 'Chinnamanur', 4035, 1),
(2898, 'Chinnasekkadu', 4035, 1),
(2899, 'Cholapuram', 4035, 1),
(2900, 'Coimbatore', 4035, 1),
(2901, 'Colachel', 4035, 1),
(2902, 'Cuddalore', 4035, 1),
(2903, 'Cumbum', 4035, 1),
(2904, 'Denkanikota', 4035, 1),
(2905, 'Desur', 4035, 1),
(2906, 'Devadanappatti', 4035, 1),
(2907, 'Devakottai', 4035, 1),
(2908, 'Dhali', 4035, 1),
(2909, 'Dharapuram', 4035, 1),
(2910, 'Dharmapuri', 4035, 1),
(2911, 'Dindigul', 4035, 1),
(2912, 'Dusi', 4035, 1),
(2913, 'Elayirampannai', 4035, 1),
(2914, 'Elumalai', 4035, 1),
(2915, 'Eral', 4035, 1),
(2916, 'Eraniel', 4035, 1),
(2917, 'Erode', 4035, 1),
(2918, 'Erumaippatti', 4035, 1),
(2919, 'Ettaiyapuram', 4035, 1),
(2920, 'Gandhi Nagar', 4035, 1),
(2921, 'Gangaikondan', 4035, 1),
(2922, 'Gangavalli', 4035, 1),
(2923, 'Gingee', 4035, 1),
(2924, 'Gobichettipalayam', 4035, 1),
(2925, 'Gudalur', 4035, 1),
(2926, 'Gudiyatham', 4035, 1),
(2927, 'Guduvancheri', 4035, 1),
(2928, 'Gummidipundi', 4035, 1),
(2929, 'Harur', 4035, 1),
(2930, 'Hosur', 4035, 1),
(2931, 'Idappadi', 4035, 1),
(2932, 'Ilampillai', 4035, 1),
(2933, 'Iluppur', 4035, 1),
(2934, 'Injambakkam', 4035, 1),
(2935, 'Irugur', 4035, 1),
(2936, 'Jalakandapuram', 4035, 1),
(2937, 'Jalarpet', 4035, 1),
(2938, 'Jayamkondacholapuram', 4035, 1),
(2939, 'Kadambur', 4035, 1),
(2940, 'Kadayanallur', 4035, 1),
(2941, 'Kalakkadu', 4035, 1),
(2942, 'Kalavai', 4035, 1),
(2943, 'Kallakkurichchi', 4035, 1),
(2944, 'Kallidaikurichi', 4035, 1),
(2945, 'Kallupatti', 4035, 1),
(2946, 'Kalugumalai', 4035, 1),
(2947, 'Kamuthi', 4035, 1),
(2948, 'Kanadukattan', 4035, 1),
(2949, 'Kancheepuram', 4035, 1),
(2950, 'Kanchipuram', 4035, 1),
(2951, 'Kangayam', 4035, 1),
(2952, 'Kanniyakumari', 4035, 1),
(2953, 'Karaikkudi', 4035, 1),
(2954, 'Karamadai', 4035, 1),
(2955, 'Karambakkudi', 4035, 1),
(2956, 'Kariapatti', 4035, 1),
(2957, 'Karumbakkam', 4035, 1),
(2958, 'Karur', 4035, 1),
(2959, 'Katpadi', 4035, 1),
(2960, 'Kattivakkam', 4035, 1),
(2961, 'Kattupputtur', 4035, 1),
(2962, 'Kaveripatnam', 4035, 1),
(2963, 'Kayalpattinam', 4035, 1),
(2964, 'Kayattar', 4035, 1),
(2965, 'Keelakarai', 4035, 1),
(2966, 'Kelamangalam', 4035, 1),
(2967, 'Kil Bhuvanagiri', 4035, 1),
(2968, 'Kilvelur', 4035, 1),
(2969, 'Kiranur', 4035, 1),
(2970, 'Kodaikanal', 4035, 1),
(2971, 'Kodumudi', 4035, 1),
(2972, 'Kombai', 4035, 1),
(2973, 'Konganapuram', 4035, 1),
(2974, 'Koothanallur', 4035, 1),
(2975, 'Koradachcheri', 4035, 1),
(2976, 'Korampallam', 4035, 1),
(2977, 'Kotagiri', 4035, 1),
(2978, 'Kottaiyur', 4035, 1),
(2979, 'Kovilpatti', 4035, 1),
(2980, 'Krishnagiri', 4035, 1),
(2981, 'Kulattur', 4035, 1),
(2982, 'Kulittalai', 4035, 1),
(2983, 'Kumaralingam', 4035, 1),
(2984, 'Kumbakonam', 4035, 1),
(2985, 'Kunnattur', 4035, 1),
(2986, 'Kurinjippadi', 4035, 1),
(2987, 'Kuttalam', 4035, 1),
(2988, 'Kuzhithurai', 4035, 1),
(2989, 'Lalgudi', 4035, 1),
(2990, 'Madambakkam', 4035, 1),
(2991, 'Madipakkam', 4035, 1),
(2992, 'Madukkarai', 4035, 1),
(2993, 'Madukkur', 4035, 1),
(2994, 'Madurai', 4035, 1),
(2995, 'Madurantakam', 4035, 1),
(2996, 'Mallapuram', 4035, 1),
(2997, 'Mallasamudram', 4035, 1),
(2998, 'Mallur', 4035, 1),
(2999, 'Manali', 4035, 1),
(3000, 'Manalurpettai', 4035, 1),
(3001, 'Manamadurai', 4035, 1),
(3002, 'Manappakkam', 4035, 1),
(3003, 'Manapparai', 4035, 1),
(3004, 'Manavalakurichi', 4035, 1),
(3005, 'Mandapam', 4035, 1),
(3006, 'Mangalam', 4035, 1),
(3007, 'Mannargudi', 4035, 1),
(3008, 'Marakkanam', 4035, 1),
(3009, 'Marandahalli', 4035, 1),
(3010, 'Masinigudi', 4035, 1),
(3011, 'Mattur', 4035, 1),
(3012, 'Mayiladuthurai', 4035, 1),
(3013, 'Melur', 4035, 1),
(3014, 'Mettuppalaiyam', 4035, 1),
(3015, 'Mettur', 4035, 1),
(3016, 'Minjur', 4035, 1),
(3017, 'Mohanur', 4035, 1),
(3018, 'Mudukulattur', 4035, 1),
(3019, 'Mulanur', 4035, 1),
(3020, 'Musiri', 4035, 1),
(3021, 'Muttupet', 4035, 1),
(3022, 'Naduvattam', 4035, 1),
(3023, 'Nagapattinam', 4035, 1),
(3024, 'Nagercoil', 4035, 1),
(3025, 'Namagiripettai', 4035, 1),
(3026, 'Namakkal', 4035, 1),
(3027, 'Nambiyur', 4035, 1),
(3028, 'Nambutalai', 4035, 1),
(3029, 'Nandambakkam', 4035, 1),
(3030, 'Nangavalli', 4035, 1),
(3031, 'Nangilickondan', 4035, 1),
(3032, 'Nanguneri', 4035, 1),
(3033, 'Nannilam', 4035, 1),
(3034, 'Naravarikuppam', 4035, 1),
(3035, 'Nattam', 4035, 1),
(3036, 'Nattarasankottai', 4035, 1),
(3037, 'Needamangalam', 4035, 1),
(3038, 'Neelankarai', 4035, 1),
(3039, 'Negapatam', 4035, 1),
(3040, 'Nellikkuppam', 4035, 1),
(3041, 'Nilakottai', 4035, 1),
(3042, 'Nilgiris', 4035, 1),
(3043, 'Odugattur', 4035, 1),
(3044, 'Omalur', 4035, 1),
(3045, 'Ooty', 4035, 1),
(3046, 'Padmanabhapuram', 4035, 1),
(3047, 'Palakkodu', 4035, 1),
(3048, 'Palamedu', 4035, 1),
(3049, 'Palani', 4035, 1),
(3050, 'Palavakkam', 4035, 1),
(3051, 'Palladam', 4035, 1),
(3052, 'Pallappatti', 4035, 1),
(3053, 'Pallattur', 4035, 1),
(3054, 'Pallavaram', 4035, 1),
(3055, 'Pallikondai', 4035, 1),
(3056, 'Pallipattu', 4035, 1),
(3057, 'Pallippatti', 4035, 1),
(3058, 'Panruti', 4035, 1),
(3059, 'Papanasam', 4035, 1),
(3060, 'Papireddippatti', 4035, 1),
(3061, 'Papparappatti', 4035, 1),
(3062, 'Paramagudi', 4035, 1),
(3063, 'Pattukkottai', 4035, 1),
(3064, 'Pennadam', 4035, 1),
(3065, 'Pennagaram', 4035, 1),
(3066, 'Pennathur', 4035, 1),
(3067, 'Peraiyur', 4035, 1),
(3068, 'Perambalur', 4035, 1),
(3069, 'Peranamallur', 4035, 1),
(3070, 'Peranampattu', 4035, 1),
(3071, 'Peravurani', 4035, 1),
(3072, 'Periyakulam', 4035, 1),
(3073, 'Periyanayakkanpalaiyam', 4035, 1),
(3074, 'Periyanegamam', 4035, 1),
(3075, 'Periyapatti', 4035, 1),
(3076, 'Periyapattinam', 4035, 1),
(3077, 'Perundurai', 4035, 1),
(3078, 'Perungudi', 4035, 1),
(3079, 'Perur', 4035, 1),
(3080, 'Pollachi', 4035, 1),
(3081, 'Polur', 4035, 1),
(3082, 'Ponnamaravati', 4035, 1),
(3083, 'Ponneri', 4035, 1),
(3084, 'Poonamalle', 4035, 1),
(3085, 'Porur', 4035, 1),
(3086, 'Pudukkottai', 4035, 1),
(3087, 'Puduppatti', 4035, 1),
(3088, 'Pudur', 4035, 1),
(3089, 'Puduvayal', 4035, 1),
(3090, 'Puliyangudi', 4035, 1),
(3091, 'Puliyur', 4035, 1),
(3092, 'Pullambadi', 4035, 1),
(3093, 'Punjai Puliyampatti', 4035, 1),
(3094, 'Rajapalaiyam', 4035, 1),
(3095, 'Ramanathapuram', 4035, 1),
(3096, 'Rameswaram', 4035, 1),
(3097, 'Ranipet', 4035, 1),
(3098, 'Rasipuram', 4035, 1),
(3099, 'Saint Thomas Mount', 4035, 1),
(3100, 'Salem', 4035, 1),
(3101, 'Sathankulam', 4035, 1),
(3102, 'Sathyamangalam', 4035, 1),
(3103, 'Sattur', 4035, 1),
(3104, 'Sayalkudi', 4035, 1),
(3105, 'Seven Pagodas', 4035, 1),
(3106, 'Sholinghur', 4035, 1),
(3107, 'Singanallur', 4035, 1),
(3108, 'Singapperumalkovil', 4035, 1),
(3109, 'Sirkazhi', 4035, 1),
(3110, 'Sirumugai', 4035, 1),
(3111, 'Sivaganga', 4035, 1),
(3112, 'Sivagiri', 4035, 1),
(3113, 'Sivakasi', 4035, 1),
(3114, 'Srimushnam', 4035, 1),
(3115, 'Sriperumbudur', 4035, 1),
(3116, 'Srivaikuntam', 4035, 1),
(3117, 'Srivilliputhur', 4035, 1),
(3118, 'Suchindram', 4035, 1),
(3119, 'Sulur', 4035, 1),
(3120, 'Surandai', 4035, 1),
(3121, 'Swamimalai', 4035, 1),
(3122, 'Tambaram', 4035, 1),
(3123, 'Tanjore', 4035, 1),
(3124, 'Taramangalam', 4035, 1),
(3125, 'Tattayyangarpettai', 4035, 1),
(3126, 'Thanjavur', 4035, 1),
(3127, 'Tharangambadi', 4035, 1),
(3128, 'Theni', 4035, 1),
(3129, 'Thenkasi', 4035, 1),
(3130, 'Thirukattupalli', 4035, 1),
(3131, 'Thiruthani', 4035, 1),
(3132, 'Thiruvaiyaru', 4035, 1),
(3133, 'Thiruvallur', 4035, 1),
(3134, 'Thiruvarur', 4035, 1),
(3135, 'Thiruvidaimaruthur', 4035, 1),
(3136, 'Thoothukudi', 4035, 1),
(3137, 'Tindivanam', 4035, 1),
(3138, 'Tinnanur', 4035, 1),
(3139, 'Tiruchchendur', 4035, 1),
(3140, 'Tiruchengode', 4035, 1),
(3141, 'Tiruchirappalli', 4035, 1),
(3142, 'Tirukkoyilur', 4035, 1),
(3143, 'Tirumullaivasal', 4035, 1),
(3144, 'Tirunelveli', 4035, 1),
(3145, 'Tirunelveli Kattabo', 4035, 1),
(3146, 'Tiruppalaikudi', 4035, 1),
(3147, 'Tirupparangunram', 4035, 1),
(3148, 'Tiruppur', 4035, 1),
(3149, 'Tiruppuvanam', 4035, 1),
(3150, 'Tiruttangal', 4035, 1),
(3151, 'Tiruvannamalai', 4035, 1),
(3152, 'Tiruvottiyur', 4035, 1),
(3153, 'Tisaiyanvilai', 4035, 1),
(3154, 'Tondi', 4035, 1),
(3155, 'Turaiyur', 4035, 1),
(3156, 'Udangudi', 4035, 1),
(3157, 'Udumalaippettai', 4035, 1),
(3158, 'Uppiliyapuram', 4035, 1),
(3159, 'Usilampatti', 4035, 1),
(3160, 'Uttamapalaiyam', 4035, 1),
(3161, 'Uttiramerur', 4035, 1),
(3162, 'Uttukkuli', 4035, 1),
(3163, 'V.S.K.Valasai (Dindigul-Dist.)', 4035, 1),
(3164, 'Vadakku Valliyur', 4035, 1),
(3165, 'Vadakku Viravanallur', 4035, 1),
(3166, 'Vadamadurai', 4035, 1),
(3167, 'Vadippatti', 4035, 1),
(3168, 'Valangaiman', 4035, 1),
(3169, 'Valavanur', 4035, 1),
(3170, 'Vallam', 4035, 1),
(3171, 'Valparai', 4035, 1),
(3172, 'Vandalur', 4035, 1),
(3173, 'Vandavasi', 4035, 1),
(3174, 'Vaniyambadi', 4035, 1),
(3175, 'Vasudevanallur', 4035, 1),
(3176, 'Vattalkundu', 4035, 1),
(3177, 'Vedaraniyam', 4035, 1),
(3178, 'Vedasandur', 4035, 1),
(3179, 'Velankanni', 4035, 1),
(3180, 'Vellanur', 4035, 1),
(3181, 'Vellore', 4035, 1),
(3182, 'Velur', 4035, 1),
(3183, 'Vengavasal', 4035, 1),
(3184, 'Vettaikkaranpudur', 4035, 1),
(3185, 'Vettavalam', 4035, 1),
(3186, 'Vijayapuri', 4035, 1),
(3187, 'Vikravandi', 4035, 1),
(3188, 'Vilattikulam', 4035, 1),
(3189, 'Villupuram', 4035, 1),
(3190, 'Viraganur', 4035, 1),
(3191, 'Virudhunagar', 4035, 1),
(3192, 'Vriddhachalam', 4035, 1),
(3193, 'Walajapet', 4035, 1),
(3194, 'Wallajahbad', 4035, 1),
(3195, 'Wellington', 4035, 1),
(3196, 'Adilabad', 4012, 1),
(3197, 'Alampur', 4012, 1),
(3198, 'Andol', 4012, 1),
(3199, 'Asifabad', 4012, 1),
(3200, 'Balapur', 4012, 1),
(3201, 'Banswada', 4012, 1),
(3202, 'Bellampalli', 4012, 1),
(3203, 'Bhadrachalam', 4012, 1),
(3204, 'Bhadradri Kothagudem', 4012, 1),
(3205, 'Bhaisa', 4012, 1),
(3206, 'Bhongir', 4012, 1),
(3207, 'Bodhan', 4012, 1),
(3208, 'Chandur', 4012, 1),
(3209, 'Chatakonda', 4012, 1),
(3210, 'Dasnapur', 4012, 1),
(3211, 'Devarkonda', 4012, 1),
(3212, 'Dornakal', 4012, 1),
(3213, 'Farrukhnagar', 4012, 1),
(3214, 'Gaddi Annaram', 4012, 1),
(3215, 'Gadwal', 4012, 1),
(3216, 'Ghatkesar', 4012, 1),
(3217, 'Gopalur', 4012, 1),
(3218, 'Gudur', 4012, 1),
(3219, 'Hyderabad', 4012, 1),
(3220, 'Jagtial', 4012, 1),
(3221, 'Jangaon', 4012, 1),
(3222, 'Jangoan', 4012, 1),
(3223, 'Jayashankar Bhupalapally', 4012, 1),
(3224, 'Jogulamba Gadwal', 4012, 1),
(3225, 'Kagaznagar', 4012, 1),
(3226, 'Kamareddi', 4012, 1),
(3227, 'Kamareddy', 4012, 1),
(3228, 'Karimnagar', 4012, 1),
(3229, 'Khammam', 4012, 1),
(3230, 'Kodar', 4012, 1),
(3231, 'Koratla', 4012, 1),
(3232, 'Kothapet', 4012, 1),
(3233, 'Kottagudem', 4012, 1),
(3234, 'Kottapalli', 4012, 1),
(3235, 'Kukatpalli', 4012, 1),
(3236, 'Kyathampalle', 4012, 1),
(3237, 'Lakshettipet', 4012, 1),
(3238, 'Lal Bahadur Nagar', 4012, 1),
(3239, 'Mahabubabad', 4012, 1),
(3240, 'Mahbubnagar', 4012, 1),
(3241, 'Malkajgiri', 4012, 1),
(3242, 'Mancheral', 4012, 1),
(3243, 'Mandamarri', 4012, 1),
(3244, 'Manthani', 4012, 1),
(3245, 'Manuguru', 4012, 1),
(3246, 'Medak', 4012, 1),
(3247, 'Medchal', 4012, 1),
(3248, 'Medchal Malkajgiri', 4012, 1),
(3249, 'Mirialguda', 4012, 1),
(3250, 'Nagar Karnul', 4012, 1),
(3251, 'Nalgonda', 4012, 1),
(3252, 'Narayanpet', 4012, 1),
(3253, 'Narsingi', 4012, 1),
(3254, 'Naspur', 4012, 1),
(3255, 'Nirmal', 4012, 1),
(3256, 'Nizamabad', 4012, 1),
(3257, 'Paloncha', 4012, 1),
(3258, 'Palwancha', 4012, 1),
(3259, 'Patancheru', 4012, 1),
(3260, 'Peddapalli', 4012, 1),
(3261, 'Quthbullapur', 4012, 1),
(3262, 'Rajanna Sircilla', 4012, 1),
(3263, 'Ramagundam', 4012, 1),
(3264, 'Ramgundam', 4012, 1),
(3265, 'Rangareddi', 4012, 1),
(3266, 'Sadaseopet', 4012, 1),
(3267, 'Sangareddi', 4012, 1),
(3268, 'Sathupalli', 4012, 1),
(3269, 'Secunderabad', 4012, 1),
(3270, 'Serilingampalle', 4012, 1),
(3271, 'Siddipet', 4012, 1),
(3272, 'Singapur', 4012, 1),
(3273, 'Sirpur', 4012, 1),
(3274, 'Sirsilla', 4012, 1),
(3275, 'Sriramnagar', 4012, 1),
(3276, 'Suriapet', 4012, 1),
(3277, 'Tandur', 4012, 1),
(3278, 'Uppal Kalan', 4012, 1),
(3279, 'Vemalwada', 4012, 1),
(3280, 'Vikarabad', 4012, 1),
(3281, 'Wanparti', 4012, 1),
(3282, 'Warangal', 4012, 1),
(3283, 'Yellandu', 4012, 1),
(3284, 'Zahirabad', 4012, 1),
(3285, 'Agartala', 4038, 1),
(3286, 'Amarpur', 4038, 1),
(3287, 'Ambasa', 4038, 1),
(3288, 'Barjala', 4038, 1),
(3289, 'Belonia', 4038, 1),
(3290, 'Dhalai', 4038, 1),
(3291, 'Dharmanagar', 4038, 1),
(3292, 'Gomati', 4038, 1),
(3293, 'Kailashahar', 4038, 1),
(3294, 'Kamalpur', 4038, 1),
(3295, 'Khowai', 4038, 1),
(3296, 'North Tripura', 4038, 1),
(3297, 'Ranir Bazar', 4038, 1),
(3298, 'Sabrum', 4038, 1),
(3299, 'Sonamura', 4038, 1),
(3300, 'South Tripura', 4038, 1),
(3301, 'Udaipur', 4038, 1),
(3302, 'Unakoti', 4038, 1),
(3303, 'West Tripura', 4038, 1),
(3304, 'Achhnera', 4022, 1),
(3305, 'Afzalgarh', 4022, 1),
(3306, 'Agra', 4022, 1),
(3307, 'Ahraura', 4022, 1),
(3308, 'Aidalpur', 4022, 1),
(3309, 'Airwa', 4022, 1),
(3310, 'Akbarpur', 4022, 1),
(3311, 'Akola', 4022, 1),
(3312, 'Aliganj', 4022, 1),
(3313, 'Aligarh', 4022, 1),
(3314, 'Allahabad', 4022, 1),
(3315, 'Allahganj', 4022, 1),
(3316, 'Amanpur', 4022, 1),
(3317, 'Amauli', 4022, 1),
(3318, 'Ambahta', 4022, 1),
(3319, 'Ambedkar Nagar', 4022, 1),
(3320, 'Amethi', 4022, 1),
(3321, 'Amroha', 4022, 1),
(3322, 'Anandnagar', 4022, 1),
(3323, 'Antu', 4022, 1),
(3324, 'Anupshahr', 4022, 1),
(3325, 'Aonla', 4022, 1),
(3326, 'Araul', 4022, 1),
(3327, 'Asalatganj', 4022, 1),
(3328, 'Atarra', 4022, 1),
(3329, 'Atrauli', 4022, 1),
(3330, 'Atraulia', 4022, 1),
(3331, 'Auraiya', 4022, 1),
(3332, 'Auras', 4022, 1),
(3333, 'Ayodhya', 4022, 1),
(3334, 'Azamgarh', 4022, 1),
(3335, 'Azizpur', 4022, 1),
(3336, 'Baberu', 4022, 1),
(3337, 'Babina', 4022, 1),
(3338, 'Babrala', 4022, 1),
(3339, 'Babugarh', 4022, 1),
(3340, 'Bachhraon', 4022, 1),
(3341, 'Bachhrawan', 4022, 1),
(3342, 'Baghpat', 4022, 1),
(3343, 'Baghra', 4022, 1),
(3344, 'Bah', 4022, 1),
(3345, 'Baheri', 4022, 1),
(3346, 'Bahjoi', 4022, 1),
(3347, 'Bahraich', 4022, 1),
(3348, 'Bahraigh', 4022, 1),
(3349, 'Bahsuma', 4022, 1),
(3350, 'Bahua', 4022, 1),
(3351, 'Bajna', 4022, 1),
(3352, 'Bakewar', 4022, 1),
(3353, 'Baksar', 4022, 1),
(3354, 'Balamau', 4022, 1),
(3355, 'Baldeo', 4022, 1),
(3356, 'Baldev', 4022, 1),
(3357, 'Ballia', 4022, 1),
(3358, 'Balrampur', 4022, 1),
(3359, 'Banat', 4022, 1),
(3360, 'Banbasa', 4022, 1),
(3361, 'Banda', 4022, 1),
(3362, 'Bangarmau', 4022, 1),
(3363, 'Bansdih', 4022, 1),
(3364, 'Bansgaon', 4022, 1),
(3365, 'Bansi', 4022, 1),
(3366, 'Banthra', 4022, 1),
(3367, 'Bara Banki', 4022, 1),
(3368, 'Baragaon', 4022, 1),
(3369, 'Baraut', 4022, 1),
(3370, 'Bareilly', 4022, 1),
(3371, 'Barhalganj', 4022, 1),
(3372, 'Barkhera', 4022, 1),
(3373, 'Barkhera Kalan', 4022, 1),
(3374, 'Barokhar', 4022, 1),
(3375, 'Barsana', 4022, 1),
(3376, 'Barwar (Lakhimpur Kheri)', 4022, 1),
(3377, 'Basti', 4022, 1),
(3378, 'Behat', 4022, 1),
(3379, 'Bela', 4022, 1),
(3380, 'Belthara', 4022, 1),
(3381, 'Beniganj', 4022, 1),
(3382, 'Beswan', 4022, 1),
(3383, 'Bewar', 4022, 1),
(3384, 'Bhadarsa', 4022, 1),
(3385, 'Bhadohi', 4022, 1),
(3386, 'Bhagwantnagar', 4022, 1),
(3387, 'Bharatpura', 4022, 1),
(3388, 'Bhargain', 4022, 1),
(3389, 'Bharthana', 4022, 1),
(3390, 'Bharwari', 4022, 1),
(3391, 'Bhaupur', 4022, 1),
(3392, 'Bhimtal', 4022, 1),
(3393, 'Bhinga', 4022, 1),
(3394, 'Bhognipur', 4022, 1),
(3395, 'Bhongaon', 4022, 1),
(3396, 'Bidhnu', 4022, 1),
(3397, 'Bidhuna', 4022, 1),
(3398, 'Bighapur', 4022, 1),
(3399, 'Bighapur Khurd', 4022, 1),
(3400, 'Bijnor', 4022, 1),
(3401, 'Bikapur', 4022, 1),
(3402, 'Bilari', 4022, 1),
(3403, 'Bilariaganj', 4022, 1),
(3404, 'Bilaspur', 4022, 1),
(3405, 'Bilgram', 4022, 1),
(3406, 'Bilhaur', 4022, 1),
(3407, 'Bilsanda', 4022, 1),
(3408, 'Bilsi', 4022, 1),
(3409, 'Bilthra', 4022, 1),
(3410, 'Binauli', 4022, 1),
(3411, 'Binaur', 4022, 1),
(3412, 'Bindki', 4022, 1),
(3413, 'Birdpur', 4022, 1),
(3414, 'Birpur', 4022, 1),
(3415, 'Bisalpur', 4022, 1),
(3416, 'Bisanda Buzurg', 4022, 1),
(3417, 'Bisauli', 4022, 1),
(3418, 'Bisenda Buzurg', 4022, 1),
(3419, 'Bishunpur Urf Maharajganj', 4022, 1),
(3420, 'Biswan', 4022, 1),
(3421, 'Bithur', 4022, 1),
(3422, 'Budaun', 4022, 1),
(3423, 'Budhana', 4022, 1),
(3424, 'Bulandshahr', 4022, 1),
(3425, 'Captainganj', 4022, 1),
(3426, 'Chail', 4022, 1),
(3427, 'Chakia', 4022, 1),
(3428, 'Chandauli', 4022, 1),
(3429, 'Chandauli District', 4022, 1),
(3430, 'Chandausi', 4022, 1),
(3431, 'Chandpur', 4022, 1),
(3432, 'Chanduasi', 4022, 1),
(3433, 'Charkhari', 4022, 1),
(3434, 'Charthawal', 4022, 1),
(3435, 'Chhaprauli', 4022, 1),
(3436, 'Chharra', 4022, 1),
(3437, 'Chhata', 4022, 1),
(3438, 'Chhibramau', 4022, 1),
(3439, 'Chhitauni', 4022, 1),
(3440, 'Chhutmalpur', 4022, 1),
(3441, 'Chillupar', 4022, 1),
(3442, 'Chirgaon', 4022, 1),
(3443, 'Chitrakoot', 4022, 1),
(3444, 'Chitrakoot Dham', 4022, 1),
(3445, 'Chopan', 4022, 1),
(3446, 'Chunar', 4022, 1),
(3447, 'Churk', 4022, 1),
(3448, 'Colonelganj', 4022, 1),
(3449, 'Dadri', 4022, 1),
(3450, 'Dalmau', 4022, 1),
(3451, 'Dankaur', 4022, 1),
(3452, 'Daraganj', 4022, 1),
(3453, 'Daranagar', 4022, 1),
(3454, 'Dasna', 4022, 1),
(3455, 'Dataganj', 4022, 1),
(3456, 'Daurala', 4022, 1),
(3457, 'Dayal Bagh', 4022, 1),
(3458, 'Deoband', 4022, 1),
(3459, 'Deogarh', 4022, 1),
(3460, 'Deoranian', 4022, 1),
(3461, 'Deoria', 4022, 1),
(3462, 'Derapur', 4022, 1),
(3463, 'Dewa', 4022, 1),
(3464, 'Dhampur', 4022, 1),
(3465, 'Dhanaura', 4022, 1),
(3466, 'Dhanghata', 4022, 1),
(3467, 'Dharau', 4022, 1),
(3468, 'Dhaurahra', 4022, 1),
(3469, 'Dibai', 4022, 1),
(3470, 'Divrasai', 4022, 1),
(3471, 'Dohrighat', 4022, 1),
(3472, 'Domariaganj', 4022, 1),
(3473, 'Dostpur', 4022, 1),
(3474, 'Dudhi', 4022, 1),
(3475, 'Etah', 4022, 1),
(3476, 'Etawah', 4022, 1),
(3477, 'Etmadpur', 4022, 1),
(3478, 'Faizabad', 4022, 1),
(3479, 'Farah', 4022, 1),
(3480, 'Faridnagar', 4022, 1),
(3481, 'Faridpur', 4022, 1),
(3482, 'Farrukhabad', 4022, 1),
(3483, 'Fatehabad', 4022, 1),
(3484, 'Fatehganj West', 4022, 1),
(3485, 'Fatehgarh', 4022, 1),
(3486, 'Fatehpur', 4022, 1),
(3487, 'Fatehpur (Barabanki)', 4022, 1),
(3488, 'Fatehpur Chaurasi', 4022, 1),
(3489, 'Fatehpur Sikri', 4022, 1),
(3490, 'Firozabad', 4022, 1),
(3491, 'Fyzabad', 4022, 1),
(3492, 'Gahlon', 4022, 1),
(3493, 'Gahmar', 4022, 1),
(3494, 'Gaini', 4022, 1),
(3495, 'Gajraula', 4022, 1),
(3496, 'Gangoh', 4022, 1),
(3497, 'Ganj Dundawara', 4022, 1),
(3498, 'Ganj Dundwara', 4022, 1),
(3499, 'Ganj Muradabad', 4022, 1),
(3500, 'Garautha', 4022, 1),
(3501, 'Garhi Pukhta', 4022, 1),
(3502, 'Garhmuktesar', 4022, 1),
(3503, 'Garhwa', 4022, 1),
(3504, 'Gauriganj', 4022, 1),
(3505, 'Gautam Buddha Nagar', 4022, 1),
(3506, 'Gawan', 4022, 1),
(3507, 'Ghatampur', 4022, 1),
(3508, 'Ghaziabad', 4022, 1),
(3509, 'Ghazipur', 4022, 1),
(3510, 'Ghiror', 4022, 1),
(3511, 'Ghorawal', 4022, 1),
(3512, 'Ghosi', 4022, 1),
(3513, 'Gohand', 4022, 1),
(3514, 'Gokul', 4022, 1),
(3515, 'Gola Bazar', 4022, 1),
(3516, 'Gola Gokarannath', 4022, 1),
(3517, 'Gonda', 4022, 1),
(3518, 'Gonda (Aligarh)', 4022, 1),
(3519, 'Gonda City', 4022, 1),
(3520, 'Gopamau', 4022, 1),
(3521, 'Gorakhpur', 4022, 1),
(3522, 'Gosainganj', 4022, 1),
(3523, 'Goshainganj', 4022, 1),
(3524, 'Govardhan', 4022, 1),
(3525, 'Greater Noida', 4022, 1),
(3526, 'Gulaothi', 4022, 1),
(3527, 'Gunnaur', 4022, 1),
(3528, 'Gursahaiganj', 4022, 1),
(3529, 'Gursarai', 4022, 1),
(3530, 'Gyanpur', 4022, 1),
(3531, 'Haldaur', 4022, 1),
(3532, 'Hamirpur', 4022, 1),
(3533, 'Handia', 4022, 1),
(3534, 'Hapur', 4022, 1),
(3535, 'Haraipur', 4022, 1),
(3536, 'Haraiya', 4022, 1),
(3537, 'Harchandpur', 4022, 1),
(3538, 'Hardoi', 4022, 1),
(3539, 'Harduaganj', 4022, 1),
(3540, 'Hasanpur', 4022, 1),
(3541, 'Hastinapur', 4022, 1),
(3542, 'Hata', 4022, 1),
(3543, 'Hata (India)', 4022, 1),
(3544, 'Hathras', 4022, 1),
(3545, 'Hulas', 4022, 1),
(3546, 'Ibrahimpur', 4022, 1),
(3547, 'Iglas', 4022, 1),
(3548, 'Ikauna', 4022, 1),
(3549, 'Indergarh', 4022, 1),
(3550, 'Indragarh', 4022, 1),
(3551, 'Islamnagar', 4022, 1),
(3552, 'Islamnagar (Badaun)', 4022, 1),
(3553, 'Itaunja', 4022, 1),
(3554, 'Itimadpur', 4022, 1),
(3555, 'Jagdishpur', 4022, 1),
(3556, 'Jagnair', 4022, 1),
(3557, 'Jahanabad', 4022, 1),
(3558, 'Jahanabad (Pilibhit)', 4022, 1),
(3559, 'Jahangirabad', 4022, 1),
(3560, 'Jahangirpur', 4022, 1),
(3561, 'Jainpur', 4022, 1),
(3562, 'Jais', 4022, 1),
(3563, 'Jalalabad', 4022, 1),
(3564, 'Jalali', 4022, 1),
(3565, 'Jalalpur', 4022, 1),
(3566, 'Jalaun', 4022, 1),
(3567, 'Jalesar', 4022, 1),
(3568, 'Janghai', 4022, 1),
(3569, 'Jansath', 4022, 1),
(3570, 'Jarwa', 4022, 1),
(3571, 'Jarwal', 4022, 1),
(3572, 'Jasrana', 4022, 1),
(3573, 'Jaswantnagar', 4022, 1),
(3574, 'Jaunpur', 4022, 1),
(3575, 'Jewar', 4022, 1),
(3576, 'Jhajhar', 4022, 1),
(3577, 'Jhalu', 4022, 1),
(3578, 'Jhansi', 4022, 1),
(3579, 'Jhinjhak', 4022, 1),
(3580, 'Jhinjhana', 4022, 1),
(3581, 'Jhusi', 4022, 1),
(3582, 'Jiyanpur', 4022, 1),
(3583, 'Jyotiba Phule Nagar', 4022, 1),
(3584, 'Kabrai', 4022, 1),
(3585, 'Kachhwa', 4022, 1),
(3586, 'Kadaura', 4022, 1),
(3587, 'Kadipur', 4022, 1),
(3588, 'Kagarol', 4022, 1),
(3589, 'Kaimganj', 4022, 1),
(3590, 'Kairana', 4022, 1),
(3591, 'Kakori', 4022, 1),
(3592, 'Kakrala', 4022, 1),
(3593, 'Kalinagar', 4022, 1),
(3594, 'Kalpi', 4022, 1),
(3595, 'Kalyanpur', 4022, 1),
(3596, 'Kamalganj', 4022, 1),
(3597, 'Kampil', 4022, 1),
(3598, 'Kandhla', 4022, 1),
(3599, 'Kannauj', 4022, 1),
(3600, 'Kanpur', 4022, 1),
(3601, 'Kanpur Dehat', 4022, 1),
(3602, 'Kant', 4022, 1),
(3603, 'Kanth', 4022, 1),
(3604, 'Kaptanganj', 4022, 1),
(3605, 'Kara', 4022, 1),
(3606, 'Karari', 4022, 1),
(3607, 'Karbigwan', 4022, 1),
(3608, 'Karchana', 4022, 1),
(3609, 'Karhal', 4022, 1),
(3610, 'Kasganj', 4022, 1),
(3611, 'Katra', 4022, 1),
(3612, 'Kausani', 4022, 1),
(3613, 'Kaushambi District', 4022, 1),
(3614, 'Kemri', 4022, 1),
(3615, 'Khada', 4022, 1),
(3616, 'Khaga', 4022, 1),
(3617, 'Khailar', 4022, 1),
(3618, 'Khair', 4022, 1),
(3619, 'Khairabad', 4022, 1),
(3620, 'Khalilabad', 4022, 1),
(3621, 'Khanpur', 4022, 1),
(3622, 'Kharela', 4022, 1),
(3623, 'Khargupur', 4022, 1),
(3624, 'Kharkhauda', 4022, 1),
(3625, 'Khatauli', 4022, 1),
(3626, 'Khekra', 4022, 1),
(3627, 'Kheri', 4022, 1),
(3628, 'Khudaganj', 4022, 1),
(3629, 'Khurja', 4022, 1),
(3630, 'Khutar', 4022, 1),
(3631, 'Kirakat', 4022, 1),
(3632, 'Kiraoli', 4022, 1),
(3633, 'Kiratpur', 4022, 1),
(3634, 'Kishanpur', 4022, 1),
(3635, 'Kishanpur baral', 4022, 1),
(3636, 'Kishni', 4022, 1),
(3637, 'Kithor', 4022, 1),
(3638, 'Konch', 4022, 1),
(3639, 'Kopaganj', 4022, 1),
(3640, 'Kosi', 4022, 1),
(3641, 'Kota', 4022, 1),
(3642, 'Kotra', 4022, 1),
(3643, 'Kuchesar', 4022, 1),
(3644, 'Kudarkot', 4022, 1),
(3645, 'Kulpahar', 4022, 1),
(3646, 'Kunda', 4022, 1),
(3647, 'Kundarkhi', 4022, 1),
(3648, 'Kundarki', 4022, 1),
(3649, 'Kurara', 4022, 1),
(3650, 'Kurebharsaidkhanpur', 4022, 1),
(3651, 'Kushinagar', 4022, 1),
(3652, 'Kusmara', 4022, 1),
(3653, 'Kuthaund', 4022, 1),
(3654, 'Laharpur', 4022, 1),
(3655, 'Lakhimpur', 4022, 1),
(3656, 'Lakhna', 4022, 1),
(3657, 'Lalganj', 4022, 1),
(3658, 'Lalitpur', 4022, 1),
(3659, 'Lambhua', 4022, 1),
(3660, 'Lar', 4022, 1),
(3661, 'Lawar', 4022, 1),
(3662, 'Lawar Khas', 4022, 1),
(3663, 'Loni', 4022, 1),
(3664, 'Lucknow', 4022, 1),
(3665, 'Lucknow District', 4022, 1),
(3666, 'Machhali Shahar', 4022, 1),
(3667, 'Machhlishahr', 4022, 1),
(3668, 'Madhoganj', 4022, 1),
(3669, 'Madhogarh', 4022, 1),
(3670, 'Maghar', 4022, 1),
(3671, 'Mahaban', 4022, 1),
(3672, 'Maharajganj', 4022, 1),
(3673, 'Mahmudabad', 4022, 1),
(3674, 'Mahoba', 4022, 1),
(3675, 'Maholi', 4022, 1),
(3676, 'Mahrajganj', 4022, 1),
(3677, 'Mahrajganj (Raebareli)', 4022, 1),
(3678, 'Mahroni', 4022, 1),
(3679, 'Mahul', 4022, 1),
(3680, 'Mailani', 4022, 1),
(3681, 'Mainpuri', 4022, 1),
(3682, 'Majhupur', 4022, 1),
(3683, 'Makanpur', 4022, 1),
(3684, 'Malasa', 4022, 1),
(3685, 'Malihabad', 4022, 1),
(3686, 'Mandawar', 4022, 1),
(3687, 'Maniar', 4022, 1),
(3688, 'Manikpur', 4022, 1),
(3689, 'Manjhanpur', 4022, 1),
(3690, 'Mankapur', 4022, 1),
(3691, 'Marahra', 4022, 1),
(3692, 'Mariahu', 4022, 1),
(3693, 'Mataundh', 4022, 1),
(3694, 'Mathura', 4022, 1),
(3695, 'Mau', 4022, 1),
(3696, 'Mau Aima', 4022, 1),
(3697, 'Mau Aimma', 4022, 1),
(3698, 'Maudaha', 4022, 1),
(3699, 'Mauranwan', 4022, 1),
(3700, 'Maurawan', 4022, 1),
(3701, 'Mawana', 4022, 1),
(3702, 'Mawar', 4022, 1),
(3703, 'Meerut', 4022, 1),
(3704, 'Mehdawal', 4022, 1),
(3705, 'Mehnagar', 4022, 1),
(3706, 'Mehndawal', 4022, 1),
(3707, 'Milak', 4022, 1),
(3708, 'Milkipur', 4022, 1),
(3709, 'Miranpur', 4022, 1),
(3710, 'Miranpur Katra', 4022, 1),
(3711, 'Mirganj', 4022, 1);
INSERT INTO `city` (`id`, `name`, `state_id`, `status`) VALUES
(3712, 'Mirzapur', 4022, 1),
(3713, 'Misrikh', 4022, 1),
(3714, 'Mohan', 4022, 1),
(3715, 'Mohanpur', 4022, 1),
(3716, 'Moradabad', 4022, 1),
(3717, 'Moth', 4022, 1),
(3718, 'Mubarakpur', 4022, 1),
(3719, 'Mughal Sarai', 4022, 1),
(3720, 'Muhammadabad', 4022, 1),
(3721, 'Mukteshwar', 4022, 1),
(3722, 'Mungra Badshahpur', 4022, 1),
(3723, 'Munsyari', 4022, 1),
(3724, 'Muradabad', 4022, 1),
(3725, 'Muradnagar', 4022, 1),
(3726, 'Mursan', 4022, 1),
(3727, 'Musafir-Khana', 4022, 1),
(3728, 'Musafirkhana', 4022, 1),
(3729, 'Muzaffarnagar', 4022, 1),
(3730, 'Nadigaon', 4022, 1),
(3731, 'Nagina', 4022, 1),
(3732, 'Nagla', 4022, 1),
(3733, 'Nagram', 4022, 1),
(3734, 'Najibabad', 4022, 1),
(3735, 'Nakur', 4022, 1),
(3736, 'Nanauta', 4022, 1),
(3737, 'Nandgaon', 4022, 1),
(3738, 'Nanpara', 4022, 1),
(3739, 'Narauli', 4022, 1),
(3740, 'Naraura', 4022, 1),
(3741, 'Narora', 4022, 1),
(3742, 'Naugama', 4022, 1),
(3743, 'Naurangpur', 4022, 1),
(3744, 'Nautanwa', 4022, 1),
(3745, 'Nawabganj', 4022, 1),
(3746, 'Nawabganj (Barabanki)', 4022, 1),
(3747, 'Nawabganj (Bareilly)', 4022, 1),
(3748, 'Newara', 4022, 1),
(3749, 'Nichlaul', 4022, 1),
(3750, 'Nigoh', 4022, 1),
(3751, 'Nihtaur', 4022, 1),
(3752, 'Niwari', 4022, 1),
(3753, 'Nizamabad', 4022, 1),
(3754, 'Noida', 4022, 1),
(3755, 'Nurpur', 4022, 1),
(3756, 'Obra', 4022, 1),
(3757, 'Orai', 4022, 1),
(3758, 'Oran', 4022, 1),
(3759, 'Pachperwa', 4022, 1),
(3760, 'Padrauna', 4022, 1),
(3761, 'Pahasu', 4022, 1),
(3762, 'Paigaon', 4022, 1),
(3763, 'Pali', 4022, 1),
(3764, 'Palia Kalan', 4022, 1),
(3765, 'Paras Rampur', 4022, 1),
(3766, 'Parichha', 4022, 1),
(3767, 'Parichhatgarh', 4022, 1),
(3768, 'Parshadepur', 4022, 1),
(3769, 'Pathakpura', 4022, 1),
(3770, 'Patiali', 4022, 1),
(3771, 'Patti', 4022, 1),
(3772, 'Pawayan', 4022, 1),
(3773, 'Payagpur', 4022, 1),
(3774, 'Phalauda', 4022, 1),
(3775, 'Phaphamau', 4022, 1),
(3776, 'Phaphund', 4022, 1),
(3777, 'Phariha', 4022, 1),
(3778, 'Pheona', 4022, 1),
(3779, 'Phulpur', 4022, 1),
(3780, 'Pichhaura', 4022, 1),
(3781, 'Pihani', 4022, 1),
(3782, 'Pilibhit', 4022, 1),
(3783, 'Pilkhua', 4022, 1),
(3784, 'Pilkhuwa', 4022, 1),
(3785, 'Pinahat', 4022, 1),
(3786, 'Pipraich', 4022, 1),
(3787, 'Pipri', 4022, 1),
(3788, 'Pratapgarh', 4022, 1),
(3789, 'Prayagraj (Allahabad)', 4022, 1),
(3790, 'Pukhrayan', 4022, 1),
(3791, 'Puranpur', 4022, 1),
(3792, 'Purmafi', 4022, 1),
(3793, 'Purwa', 4022, 1),
(3794, 'Qadirganj', 4022, 1),
(3795, 'Rabupura', 4022, 1),
(3796, 'Radha Kund', 4022, 1),
(3797, 'Radhakund', 4022, 1),
(3798, 'Raebareli', 4022, 1),
(3799, 'Rajapur', 4022, 1),
(3800, 'Ramkola', 4022, 1),
(3801, 'Ramnagar', 4022, 1),
(3802, 'Rampur', 4022, 1),
(3803, 'Rampura', 4022, 1),
(3804, 'Ranipur', 4022, 1),
(3805, 'Ranipur Barsi', 4022, 1),
(3806, 'Rasra', 4022, 1),
(3807, 'Rasulabad', 4022, 1),
(3808, 'Rath', 4022, 1),
(3809, 'Raya', 4022, 1),
(3810, 'Rehar', 4022, 1),
(3811, 'Renukoot', 4022, 1),
(3812, 'Renukut', 4022, 1),
(3813, 'Reoti', 4022, 1),
(3814, 'Reotipur', 4022, 1),
(3815, 'Richha', 4022, 1),
(3816, 'Robertsganj', 4022, 1),
(3817, 'Rudarpur', 4022, 1),
(3818, 'Rudauli', 4022, 1),
(3819, 'Rura', 4022, 1),
(3820, 'Sabalpur', 4022, 1),
(3821, 'Sachendi', 4022, 1),
(3822, 'Sadabad', 4022, 1),
(3823, 'Sadat', 4022, 1),
(3824, 'Safipur', 4022, 1),
(3825, 'Saharanpur', 4022, 1),
(3826, 'Sahaspur', 4022, 1),
(3827, 'Sahaswan', 4022, 1),
(3828, 'Sahawar', 4022, 1),
(3829, 'Sahibabad', 4022, 1),
(3830, 'Sahpau', 4022, 1),
(3831, 'Saidpur', 4022, 1),
(3832, 'Sakhanu', 4022, 1),
(3833, 'Sakit', 4022, 1),
(3834, 'Salempur', 4022, 1),
(3835, 'Salon', 4022, 1),
(3836, 'Sambhal', 4022, 1),
(3837, 'Samthar', 4022, 1),
(3838, 'Sandi', 4022, 1),
(3839, 'Sandila', 4022, 1),
(3840, 'Sant Kabir Nagar', 4022, 1),
(3841, 'Sant Ravi Das Nagar', 4022, 1),
(3842, 'Sarai Akil', 4022, 1),
(3843, 'Sarai Ekdil', 4022, 1),
(3844, 'Sarai Mir', 4022, 1),
(3845, 'Sarauli', 4022, 1),
(3846, 'Sardhana', 4022, 1),
(3847, 'Sarila', 4022, 1),
(3848, 'Sarurpur', 4022, 1),
(3849, 'Sasni', 4022, 1),
(3850, 'Satrikh', 4022, 1),
(3851, 'Saurikh', 4022, 1),
(3852, 'Sector', 4022, 1),
(3853, 'Seohara', 4022, 1),
(3854, 'Shahabad', 4022, 1),
(3855, 'Shahganj', 4022, 1),
(3856, 'Shahi', 4022, 1),
(3857, 'Shahjahanpur', 4022, 1),
(3858, 'Shahpur', 4022, 1),
(3859, 'Shamli', 4022, 1),
(3860, 'Shamsabad', 4022, 1),
(3861, 'Shankargarh', 4022, 1),
(3862, 'Shergarh', 4022, 1),
(3863, 'Sherkot', 4022, 1),
(3864, 'Shibnagar', 4022, 1),
(3865, 'Shikarpur', 4022, 1),
(3866, 'Shikarpur (Bulandshahr)', 4022, 1),
(3867, 'Shikohabad', 4022, 1),
(3868, 'Shishgarh', 4022, 1),
(3869, 'Shivrajpur', 4022, 1),
(3870, 'Shrawasti', 4022, 1),
(3871, 'Siddharthnagar', 4022, 1),
(3872, 'Siddhaur', 4022, 1),
(3873, 'Sidhauli', 4022, 1),
(3874, 'Sidhpura', 4022, 1),
(3875, 'Sikandarabad', 4022, 1),
(3876, 'Sikandarpur', 4022, 1),
(3877, 'Sikandra', 4022, 1),
(3878, 'Sikandra Rao', 4022, 1),
(3879, 'Sikandrabad', 4022, 1),
(3880, 'Sirathu', 4022, 1),
(3881, 'Sirsa', 4022, 1),
(3882, 'Sirsaganj', 4022, 1),
(3883, 'Sirsi', 4022, 1),
(3884, 'Sisauli', 4022, 1),
(3885, 'Siswa Bazar', 4022, 1),
(3886, 'Sitapur', 4022, 1),
(3887, 'Sonbhadra', 4022, 1),
(3888, 'Soron', 4022, 1),
(3889, 'Suar', 4022, 1),
(3890, 'Sultanpur', 4022, 1),
(3891, 'Surianwan', 4022, 1),
(3892, 'Tajpur', 4022, 1),
(3893, 'Talbahat', 4022, 1),
(3894, 'Talgram', 4022, 1),
(3895, 'Tanda', 4022, 1),
(3896, 'Terha', 4022, 1),
(3897, 'Thakurdwara', 4022, 1),
(3898, 'Thana Bhawan', 4022, 1),
(3899, 'Tigri', 4022, 1),
(3900, 'Tikaitnagar', 4022, 1),
(3901, 'Tikri', 4022, 1),
(3902, 'Tilhar', 4022, 1),
(3903, 'Tilsahri', 4022, 1),
(3904, 'Tindwari', 4022, 1),
(3905, 'Titron', 4022, 1),
(3906, 'Tori Fatehpur', 4022, 1),
(3907, 'Tori-Fatehpur', 4022, 1),
(3908, 'Tulsipur', 4022, 1),
(3909, 'Tundla', 4022, 1),
(3910, 'Ugu', 4022, 1),
(3911, 'Ujhani', 4022, 1),
(3912, 'Umri', 4022, 1),
(3913, 'Un', 4022, 1),
(3914, 'Unnao', 4022, 1),
(3915, 'Usawan', 4022, 1),
(3916, 'Usehat', 4022, 1),
(3917, 'Uska', 4022, 1),
(3918, 'Utraula', 4022, 1),
(3919, 'Varanasi', 4022, 1),
(3920, 'Vindhyachal', 4022, 1),
(3921, 'Vrindavan', 4022, 1),
(3922, 'Walterganj', 4022, 1),
(3923, 'Wazirganj', 4022, 1),
(3924, 'Yusufpur', 4022, 1),
(3925, 'Zafarabad', 4022, 1),
(3926, 'Zaidpur', 4022, 1),
(3927, 'Zamania', 4022, 1),
(3928, 'Almora', 4016, 1),
(3929, 'Bageshwar', 4016, 1),
(3930, 'Barkot', 4016, 1),
(3931, 'Bazpur', 4016, 1),
(3932, 'Bhim Tal', 4016, 1),
(3933, 'Bhowali', 4016, 1),
(3934, 'Birbhaddar', 4016, 1),
(3935, 'Chakrata', 4016, 1),
(3936, 'Chamoli', 4016, 1),
(3937, 'Champawat', 4016, 1),
(3938, 'Clement Town', 4016, 1),
(3939, 'Dehradun', 4016, 1),
(3940, 'Devaprayag', 4016, 1),
(3941, 'Dharchula', 4016, 1),
(3942, 'Doiwala', 4016, 1),
(3943, 'Dugadda', 4016, 1),
(3944, 'Dwarahat', 4016, 1),
(3945, 'Garhwal', 4016, 1),
(3946, 'Haldwani', 4016, 1),
(3947, 'Harbatpur', 4016, 1),
(3948, 'Haridwar', 4016, 1),
(3949, 'Jaspur', 4016, 1),
(3950, 'Joshimath', 4016, 1),
(3951, 'Kaladhungi', 4016, 1),
(3952, 'Kalagarh Project Colony', 4016, 1),
(3953, 'Kashipur', 4016, 1),
(3954, 'Khatima', 4016, 1),
(3955, 'Kichha', 4016, 1),
(3956, 'Kotdwara', 4016, 1),
(3957, 'Laksar', 4016, 1),
(3958, 'Lansdowne', 4016, 1),
(3959, 'Lohaghat', 4016, 1),
(3960, 'Manglaur', 4016, 1),
(3961, 'Mussoorie', 4016, 1),
(3962, 'Naini Tal', 4016, 1),
(3963, 'Narendranagar', 4016, 1),
(3964, 'Pauri', 4016, 1),
(3965, 'Pipalkoti', 4016, 1),
(3966, 'Pithoragarh', 4016, 1),
(3967, 'Raipur', 4016, 1),
(3968, 'Raiwala Bara', 4016, 1),
(3969, 'Ramnagar', 4016, 1),
(3970, 'Ranikhet', 4016, 1),
(3971, 'Rishikesh', 4016, 1),
(3972, 'Roorkee', 4016, 1),
(3973, 'Rudraprayag', 4016, 1),
(3974, 'Sitarganj', 4016, 1),
(3975, 'Srinagar', 4016, 1),
(3976, 'Sultanpur', 4016, 1),
(3977, 'Tanakpur', 4016, 1),
(3978, 'Tehri', 4016, 1),
(3979, 'Tehri-Garhwal', 4016, 1),
(3980, 'Udham Singh Nagar', 4016, 1),
(3981, 'Uttarkashi', 4016, 1),
(3982, 'Vikasnagar', 4016, 1),
(3983, 'Adra', 4853, 1),
(3984, 'Ahmedpur', 4853, 1),
(3985, 'Aistala', 4853, 1),
(3986, 'Aknapur', 4853, 1),
(3987, 'Alipurduar', 4853, 1),
(3988, 'Amlagora', 4853, 1),
(3989, 'Amta', 4853, 1),
(3990, 'Amtala', 4853, 1),
(3991, 'Andal', 4853, 1),
(3992, 'Arambagh community development block', 4853, 1),
(3993, 'Asansol', 4853, 1),
(3994, 'Ashoknagar Kalyangarh', 4853, 1),
(3995, 'Badkulla', 4853, 1),
(3996, 'Baduria', 4853, 1),
(3997, 'Bagdogra', 4853, 1),
(3998, 'Bagnan', 4853, 1),
(3999, 'Bagula', 4853, 1),
(4000, 'Bahula', 4853, 1),
(4001, 'Baidyabati', 4853, 1),
(4002, 'Bakreswar', 4853, 1),
(4003, 'Balarampur', 4853, 1),
(4004, 'Bali Chak', 4853, 1),
(4005, 'Bally', 4853, 1),
(4006, 'Balurghat', 4853, 1),
(4007, 'Bamangola community development block', 4853, 1),
(4008, 'Baneswar', 4853, 1),
(4009, 'Bangaon', 4853, 1),
(4010, 'Bankra', 4853, 1),
(4011, 'Bankura', 4853, 1),
(4012, 'Bansberia', 4853, 1),
(4013, 'Bansihari community development block', 4853, 1),
(4014, 'Barabazar', 4853, 1),
(4015, 'Baranagar', 4853, 1),
(4016, 'Barasat', 4853, 1),
(4017, 'Bardhaman', 4853, 1),
(4018, 'Barjora', 4853, 1),
(4019, 'Barrackpore', 4853, 1),
(4020, 'Baruipur', 4853, 1),
(4021, 'Basanti', 4853, 1),
(4022, 'Basirhat', 4853, 1),
(4023, 'Bawali', 4853, 1),
(4024, 'Begampur', 4853, 1),
(4025, 'Belda', 4853, 1),
(4026, 'Beldanga', 4853, 1),
(4027, 'Beliatore', 4853, 1),
(4028, 'Berhampore', 4853, 1),
(4029, 'Bhadreswar', 4853, 1),
(4030, 'Bhandardaha', 4853, 1),
(4031, 'Bhatpara', 4853, 1),
(4032, 'Birbhum district', 4853, 1),
(4033, 'Birpara', 4853, 1),
(4034, 'Bishnupur', 4853, 1),
(4035, 'Bolpur', 4853, 1),
(4036, 'Budge Budge', 4853, 1),
(4037, 'Canning', 4853, 1),
(4038, 'Chakapara', 4853, 1),
(4039, 'Chakdaha', 4853, 1),
(4040, 'Champadanga', 4853, 1),
(4041, 'Champahati', 4853, 1),
(4042, 'Champdani', 4853, 1),
(4043, 'Chandannagar', 4853, 1),
(4044, 'Chandrakona', 4853, 1),
(4045, 'Chittaranjan', 4853, 1),
(4046, 'Churulia', 4853, 1),
(4047, 'Contai', 4853, 1),
(4048, 'Cooch Behar', 4853, 1),
(4049, 'Cossimbazar', 4853, 1),
(4050, 'Dakshin Dinajpur district', 4853, 1),
(4051, 'Dalkola', 4853, 1),
(4052, 'Dam Dam', 4853, 1),
(4053, 'Darjeeling', 4853, 1),
(4054, 'Daulatpur', 4853, 1),
(4055, 'Debagram', 4853, 1),
(4056, 'Debipur', 4853, 1),
(4057, 'Dhaniakhali community development block', 4853, 1),
(4058, 'Dhulagari', 4853, 1),
(4059, 'Dhulian', 4853, 1),
(4060, 'Dhupguri', 4853, 1),
(4061, 'Diamond Harbour', 4853, 1),
(4062, 'Digha', 4853, 1),
(4063, 'Dinhata', 4853, 1),
(4064, 'Domjur', 4853, 1),
(4065, 'Dubrajpur', 4853, 1),
(4066, 'Durgapur', 4853, 1),
(4067, 'Egra', 4853, 1),
(4068, 'Falakata', 4853, 1),
(4069, 'Farakka', 4853, 1),
(4070, 'Fort Gloster', 4853, 1),
(4071, 'Gaighata community development block', 4853, 1),
(4072, 'Gairkata', 4853, 1),
(4073, 'Gangadharpur', 4853, 1),
(4074, 'Gangarampur', 4853, 1),
(4075, 'Garui', 4853, 1),
(4076, 'Garulia', 4853, 1),
(4077, 'Ghatal', 4853, 1),
(4078, 'Giria', 4853, 1),
(4079, 'Gobardanga', 4853, 1),
(4080, 'Gobindapur', 4853, 1),
(4081, 'Gopalpur', 4853, 1),
(4082, 'Gopinathpur', 4853, 1),
(4083, 'Gorubathan', 4853, 1),
(4084, 'Gosaba', 4853, 1),
(4085, 'Gosanimari', 4853, 1),
(4086, 'Gurdaha', 4853, 1),
(4087, 'Guskhara', 4853, 1),
(4088, 'Habra', 4853, 1),
(4089, 'Haldia', 4853, 1),
(4090, 'Haldibari', 4853, 1),
(4091, 'Halisahar', 4853, 1),
(4092, 'Harindanga', 4853, 1),
(4093, 'Haringhata', 4853, 1),
(4094, 'Haripur', 4853, 1),
(4095, 'Hasimara', 4853, 1),
(4096, 'Hindusthan Cables Town', 4853, 1),
(4097, 'Hooghly district', 4853, 1),
(4098, 'Howrah', 4853, 1),
(4099, 'Ichapur', 4853, 1),
(4100, 'Indpur community development block', 4853, 1),
(4101, 'Ingraj Bazar', 4853, 1),
(4102, 'Islampur', 4853, 1),
(4103, 'Jafarpur', 4853, 1),
(4104, 'Jaigaon', 4853, 1),
(4105, 'Jalpaiguri', 4853, 1),
(4106, 'Jamuria', 4853, 1),
(4107, 'Jangipur', 4853, 1),
(4108, 'Jaynagar Majilpur', 4853, 1),
(4109, 'Jejur', 4853, 1),
(4110, 'Jhalida', 4853, 1),
(4111, 'Jhargram', 4853, 1),
(4112, 'Jhilimili', 4853, 1),
(4113, 'Kakdwip', 4853, 1),
(4114, 'Kalaikunda', 4853, 1),
(4115, 'Kaliaganj', 4853, 1),
(4116, 'Kalimpong', 4853, 1),
(4117, 'Kalna', 4853, 1),
(4118, 'Kalyani', 4853, 1),
(4119, 'Kamarhati', 4853, 1),
(4120, 'Kamarpukur', 4853, 1),
(4121, 'Kanchrapara', 4853, 1),
(4122, 'Kandi', 4853, 1),
(4123, 'Karimpur', 4853, 1),
(4124, 'Katwa', 4853, 1),
(4125, 'Kenda', 4853, 1),
(4126, 'Keshabpur', 4853, 1),
(4127, 'Kharagpur', 4853, 1),
(4128, 'Kharar', 4853, 1),
(4129, 'Kharba', 4853, 1),
(4130, 'Khardaha', 4853, 1),
(4131, 'Khatra', 4853, 1),
(4132, 'Kirnahar', 4853, 1),
(4133, 'Kolkata', 4853, 1),
(4134, 'Konnagar', 4853, 1),
(4135, 'Krishnanagar', 4853, 1),
(4136, 'Krishnapur', 4853, 1),
(4137, 'Kshirpai', 4853, 1),
(4138, 'Kulpi', 4853, 1),
(4139, 'Kultali', 4853, 1),
(4140, 'Kulti', 4853, 1),
(4141, 'Kurseong', 4853, 1),
(4142, 'Lalgarh', 4853, 1),
(4143, 'Lalgola', 4853, 1),
(4144, 'Loyabad', 4853, 1),
(4145, 'Madanpur', 4853, 1),
(4146, 'Madhyamgram', 4853, 1),
(4147, 'Mahiari', 4853, 1),
(4148, 'Mahishadal community development block', 4853, 1),
(4149, 'Mainaguri', 4853, 1),
(4150, 'Manikpara', 4853, 1),
(4151, 'Masila', 4853, 1),
(4152, 'Mathabhanga', 4853, 1),
(4153, 'Matiali community development block', 4853, 1),
(4154, 'Matigara community development block', 4853, 1),
(4155, 'Medinipur', 4853, 1),
(4156, 'Mejia community development block', 4853, 1),
(4157, 'Memari', 4853, 1),
(4158, 'Mirik', 4853, 1),
(4159, 'Mohanpur community development block', 4853, 1),
(4160, 'Monoharpur', 4853, 1),
(4161, 'Muragacha', 4853, 1),
(4162, 'Muri', 4853, 1),
(4163, 'Murshidabad', 4853, 1),
(4164, 'Nabadwip', 4853, 1),
(4165, 'Nabagram', 4853, 1),
(4166, 'Nadia district', 4853, 1),
(4167, 'Nagarukhra', 4853, 1),
(4168, 'Nagrakata', 4853, 1),
(4169, 'Naihati', 4853, 1),
(4170, 'Naksalbari', 4853, 1),
(4171, 'Nalhati', 4853, 1),
(4172, 'Nalpur', 4853, 1),
(4173, 'Namkhana community development block', 4853, 1),
(4174, 'Nandigram', 4853, 1),
(4175, 'Nangi', 4853, 1),
(4176, 'Nayagram community development block', 4853, 1),
(4177, 'North 24 Parganas district', 4853, 1),
(4178, 'Odlabari', 4853, 1),
(4179, 'Paikpara', 4853, 1),
(4180, 'Panagarh', 4853, 1),
(4181, 'Panchla', 4853, 1),
(4182, 'Panchmura', 4853, 1),
(4183, 'Pandua', 4853, 1),
(4184, 'Panihati', 4853, 1),
(4185, 'Panskura', 4853, 1),
(4186, 'Parbatipur', 4853, 1),
(4187, 'Paschim Medinipur district', 4853, 1),
(4188, 'Patiram', 4853, 1),
(4189, 'Patrasaer', 4853, 1),
(4190, 'Patuli', 4853, 1),
(4191, 'Pujali', 4853, 1),
(4192, 'Puncha community development block', 4853, 1),
(4193, 'Purba Medinipur district', 4853, 1),
(4194, 'Purulia', 4853, 1),
(4195, 'Raghudebbati', 4853, 1),
(4196, 'Raghunathpur', 4853, 1),
(4197, 'Raiganj', 4853, 1),
(4198, 'Rajmahal', 4853, 1),
(4199, 'Rajnagar community development block', 4853, 1),
(4200, 'Ramchandrapur', 4853, 1),
(4201, 'Ramjibanpur', 4853, 1),
(4202, 'Ramnagar', 4853, 1),
(4203, 'Rampur Hat', 4853, 1),
(4204, 'Ranaghat', 4853, 1),
(4205, 'Raniganj', 4853, 1),
(4206, 'Raypur', 4853, 1),
(4207, 'Rishra', 4853, 1),
(4208, 'Sahapur', 4853, 1),
(4209, 'Sainthia', 4853, 1),
(4210, 'Salanpur community development block', 4853, 1),
(4211, 'Sankarpur', 4853, 1),
(4212, 'Sankrail', 4853, 1),
(4213, 'Santipur', 4853, 1),
(4214, 'Santoshpur', 4853, 1),
(4215, 'Santuri community development block', 4853, 1),
(4216, 'Sarenga', 4853, 1),
(4217, 'Serampore', 4853, 1),
(4218, 'Serpur', 4853, 1),
(4219, 'Shyamnagar West Bengal', 4853, 1),
(4220, 'Siliguri', 4853, 1),
(4221, 'Singur', 4853, 1),
(4222, 'Sodpur', 4853, 1),
(4223, 'Solap', 4853, 1),
(4224, 'Sonada', 4853, 1),
(4225, 'Sonamukhi', 4853, 1),
(4226, 'Sonarpur community development block', 4853, 1),
(4227, 'South 24 Parganas district', 4853, 1),
(4228, 'Srikhanda', 4853, 1),
(4229, 'Srirampur', 4853, 1),
(4230, 'Suri', 4853, 1),
(4231, 'Swarupnagar community development block', 4853, 1),
(4232, 'Takdah', 4853, 1),
(4233, 'Taki', 4853, 1),
(4234, 'Tamluk', 4853, 1),
(4235, 'Tarakeswar', 4853, 1),
(4236, 'Titagarh', 4853, 1),
(4237, 'Tufanganj', 4853, 1),
(4238, 'Tulin', 4853, 1),
(4239, 'Uchalan', 4853, 1),
(4240, 'Ula', 4853, 1),
(4241, 'Uluberia', 4853, 1),
(4242, 'Uttar Dinajpur district', 4853, 1),
(4243, 'Uttarpara Kotrung', 4853, 1);

-- --------------------------------------------------------

--
-- Table structure for table `dealer`
--

CREATE TABLE `dealer` (
  `id` bigint(20) NOT NULL,
  `dealer_name` varchar(255) NOT NULL,
  `address` varchar(255) NOT NULL,
  `city` varchar(255) NOT NULL,
  `taluka` varchar(255) NOT NULL,
  `state` varchar(255) NOT NULL,
  `gstin` varchar(255) NOT NULL,
  `pan` varchar(255) NOT NULL,
  `user_id` bigint(20) NOT NULL,
  `parent_id` int(11) NOT NULL COMMENT 'distributor_id',
  `owner_name` varchar(255) NOT NULL,
  `status` int(11) NOT NULL DEFAULT 1,
  `created_dt` datetime NOT NULL,
  `created_by` int(11) NOT NULL,
  `updated_dt` datetime NOT NULL,
  `updated_by` int(11) NOT NULL
) ENGINE=InnoDB DEFAULT CHARSET=utf8mb4;

--
-- Dumping data for table `dealer`
--

INSERT INTO `dealer` (`id`, `dealer_name`, `address`, `city`, `taluka`, `state`, `gstin`, `pan`, `user_id`, `parent_id`, `owner_name`, `status`, `created_dt`, `created_by`, `updated_dt`, `updated_by`) VALUES
(4, 'kjdfkdgf', 'dhfidhfoi', '887', 'fdkjfg', '4007', 'dfbjkdg', ',fbjdh', 60, 24, 'dfkjdgh', 1, '2023-01-06 19:41:54', 41, '2023-01-06 19:41:54', 41),
(5, 'hssufg', 'lchdfh', '1787', 'fgkdufg', '4008', 'kjdkdf', 'kjhgfgh', 61, 25, 'kjfgksg', 1, '2023-01-06 20:03:50', 42, '2023-01-06 20:03:50', 42),
(6, 'bkjfbgdakj', 'bdfkja', '528', ',bfdkj', '4009', 'kjfkefg', 'kfkg', 62, 25, 'fbkj', 1, '2023-01-06 20:05:32', 42, '2023-01-06 20:05:32', 42),
(7, 'ddgdfgdf', 'dfgdfdf', '804', 'dfgdg', '4030', 'ffdfg', 'fgdgdf', 64, 36, 'xgdfgdfgdfg', 1, '2023-01-07 08:23:02', 58, '2023-01-07 08:23:02', 58);

-- --------------------------------------------------------

--
-- Table structure for table `distributor`
--

CREATE TABLE `distributor` (
  `id` bigint(20) NOT NULL,
  `dist_name` varchar(255) NOT NULL,
  `address` varchar(255) NOT NULL,
  `city` varchar(255) NOT NULL,
  `taluka` varchar(255) NOT NULL,
  `district` varchar(255) NOT NULL,
  `state` varchar(255) NOT NULL,
  `gstin` varchar(255) NOT NULL,
  `pan` varchar(255) NOT NULL,
  `user_id` bigint(20) NOT NULL,
  `owner_name` varchar(255) NOT NULL,
  `status` int(11) NOT NULL DEFAULT 1,
  `created_dt` datetime NOT NULL,
  `created_by` int(11) NOT NULL,
  `updated_dt` datetime NOT NULL,
  `updated_by` int(11) NOT NULL
) ENGINE=InnoDB DEFAULT CHARSET=utf8mb4;

--
-- Dumping data for table `distributor`
--

INSERT INTO `distributor` (`id`, `dist_name`, `address`, `city`, `taluka`, `district`, `state`, `gstin`, `pan`, `user_id`, `owner_name`, `status`, `created_dt`, `created_by`, `updated_dt`, `updated_by`) VALUES
(24, 'nsi', 'djgbfskjbg', '576', 'bfghh', 'askksag', '4030', 'adcbkb', 'sbckdbsa', 41, 'nsfgg', 1, '2023-01-04 14:46:30', 1, '2023-01-04 17:52:50', 1),
(25, 'testy street', 'djgbfskjbg', '835', 'tesu', 'askksag', '4030', '856222', 'sbckdbsa', 42, 'Aaggf', 1, '2023-01-04 17:57:23', 1, '2023-01-04 21:36:27', 41),
(36, 'testy street', 'djgbfskjbg', '575', 'hwan', 'shit', '4030', '6352145214', 'yuhjkmnbhj', 58, 'vivek sakhiya', 1, '2023-01-05 19:20:13', 41, '2023-01-05 19:20:13', 41),
(37, 'kjfgkg', 'djgbfskjbg', '887', 'morio', 'askksag', '4007', 'jkjkj', 'sbckdbsa', 63, 'vivek sakhiya', 1, '2023-01-07 07:08:49', 1, '2023-01-07 07:08:49', 1);

-- --------------------------------------------------------

--
-- Table structure for table `karigar`
--

CREATE TABLE `karigar` (
  `id` int(11) NOT NULL,
  `user_id` int(20) NOT NULL,
  `parent_id` int(11) NOT NULL COMMENT 'dealer_id',
  `name` varchar(255) NOT NULL,
  `address` varchar(255) NOT NULL,
  `city` varchar(255) NOT NULL,
  `state` varchar(255) NOT NULL,
  `status` int(11) NOT NULL DEFAULT 3,
  `created_dt` datetime NOT NULL,
  `created_by` int(11) NOT NULL,
  `updated_dt` datetime NOT NULL,
  `updated_by` int(11) NOT NULL
) ENGINE=InnoDB DEFAULT CHARSET=utf8mb4;

--
-- Dumping data for table `karigar`
--

INSERT INTO `karigar` (`id`, `user_id`, `parent_id`, `name`, `address`, `city`, `state`, `status`, `created_dt`, `created_by`, `updated_dt`, `updated_by`) VALUES
(1, 66, 6, 'xxx', 'asd', '576', '4030', 1, '2023-01-07 10:40:35', 1, '2023-01-07 10:42:39', 1),
(2, 67, 4, 'xcvxcv', 'xd', '886', '4007', 1, '2023-01-07 10:42:10', 1, '2023-01-07 10:42:16', 1),
(3, 68, 6, 'vdv', 'fdfd', '886', '4007', 3, '2023-01-07 11:58:06', 62, '2023-01-07 11:58:06', 62);

-- --------------------------------------------------------

--
-- Table structure for table `migration`
--

CREATE TABLE `migration` (
  `version` varchar(180) NOT NULL,
  `apply_time` int(11) DEFAULT NULL
) ENGINE=InnoDB DEFAULT CHARSET=utf8mb4;

--
-- Dumping data for table `migration`
--

INSERT INTO `migration` (`version`, `apply_time`) VALUES
('m000000_000000_base', 1672043223),
('m130524_201442_init', 1672043227),
('m190124_110200_add_verification_token_column_to_user_table', 1672043227);

-- --------------------------------------------------------

--
-- Table structure for table `orders`
--

CREATE TABLE `orders` (
  `id` bigint(20) NOT NULL,
  `parent_id` int(11) NOT NULL,
  `order_no` bigint(20) NOT NULL,
  `item_id` bigint(20) NOT NULL,
  `item_name` varchar(255) NOT NULL,
  `qty` int(11) NOT NULL,
  `pack` varchar(255) NOT NULL,
  `rate` int(11) NOT NULL,
  `amount` int(11) NOT NULL,
  `status` int(10) NOT NULL,
  `created_dt` datetime NOT NULL,
  `created_by` int(11) NOT NULL,
  `updated_dt` datetime NOT NULL,
  `updated_by` int(11) NOT NULL
) ENGINE=InnoDB DEFAULT CHARSET=utf8mb4;

--
-- Dumping data for table `orders`
--

INSERT INTO `orders` (`id`, `parent_id`, `order_no`, `item_id`, `item_name`, `qty`, `pack`, `rate`, `amount`, `status`, `created_dt`, `created_by`, `updated_dt`, `updated_by`) VALUES
(1, 64, 931886, 1, 'new test', 30, '8', 350, 10500, 1, '2023-01-08 08:37:27', 64, '2023-01-08 08:37:27', 64),
(2, 58, 907694, 1, 'new test', 10, '8', 350, 3500, 1, '2023-01-08 10:00:18', 58, '2023-01-08 10:00:18', 58);

-- --------------------------------------------------------

--
-- Table structure for table `products`
--

CREATE TABLE `products` (
  `id` int(10) NOT NULL,
  `item_group` varchar(255) NOT NULL,
  `item_name` varchar(255) NOT NULL,
  `size` varchar(255) NOT NULL,
  `pack` varchar(255) NOT NULL,
  `unit` varchar(255) NOT NULL,
  `point` int(10) NOT NULL,
  `hsn` varchar(255) NOT NULL,
  `barcode` varchar(255) NOT NULL,
  `tax` int(10) NOT NULL,
  `purchase_rate` int(10) NOT NULL,
  `mrp` int(10) NOT NULL,
  `discount` int(10) NOT NULL,
  `minimum_stock` int(20) NOT NULL,
  `order_level` int(20) NOT NULL,
  `personal_code` varchar(255) NOT NULL,
  `status` int(10) NOT NULL,
  `created_dt` datetime NOT NULL,
  `created_by` int(11) NOT NULL,
  `updated_dt` datetime NOT NULL,
  `updated_by` int(11) NOT NULL
) ENGINE=InnoDB DEFAULT CHARSET=utf8mb4;

--
-- Dumping data for table `products`
--

INSERT INTO `products` (`id`, `item_group`, `item_name`, `size`, `pack`, `unit`, `point`, `hsn`, `barcode`, `tax`, `purchase_rate`, `mrp`, `discount`, `minimum_stock`, `order_level`, `personal_code`, `status`, `created_dt`, `created_by`, `updated_dt`, `updated_by`) VALUES
(1, 'test', 'new test', '200', '8', '1', 8, '856222', 'mvjhguyj', 18, 120, 350, 10, 120, 10, 'chotu', 1, '0000-00-00 00:00:00', 0, '0000-00-00 00:00:00', 0);

-- --------------------------------------------------------

--
-- Table structure for table `sales_officer`
--

CREATE TABLE `sales_officer` (
  `id` bigint(20) NOT NULL,
  `name` varchar(255) NOT NULL,
  `address` varchar(255) NOT NULL,
  `city` varchar(255) NOT NULL,
  `state` varchar(255) NOT NULL,
  `user_id` bigint(20) NOT NULL,
  `parent_id` int(11) DEFAULT NULL COMMENT 'distributor_id',
  `status` int(11) NOT NULL DEFAULT 1,
  `created_dt` datetime NOT NULL,
  `created_by` int(11) NOT NULL,
  `updated_dt` datetime NOT NULL,
  `updated_by` int(11) NOT NULL
) ENGINE=InnoDB DEFAULT CHARSET=utf8mb4;

--
-- Dumping data for table `sales_officer`
--

INSERT INTO `sales_officer` (`id`, `name`, `address`, `city`, `state`, `user_id`, `parent_id`, `status`, `created_dt`, `created_by`, `updated_dt`, `updated_by`) VALUES
(1, 'Vivek', 'Asas', '574', '4030', 65, NULL, 1, '2023-01-07 09:28:48', 1, '2023-01-07 09:47:52', 1);

-- --------------------------------------------------------

--
-- Table structure for table `sms_log`
--

CREATE TABLE `sms_log` (
  `id` bigint(20) NOT NULL,
  `message` text NOT NULL,
  `status` varchar(255) NOT NULL,
  `user_id` bigint(20) NOT NULL,
  `body` text NOT NULL
) ENGINE=InnoDB DEFAULT CHARSET=utf8mb4;

--
-- Dumping data for table `sms_log`
--

INSERT INTO `sms_log` (`id`, `message`, `status`, `user_id`, `body`) VALUES
(1, 'Welcome to convex.your password isHmsThByg Please do not share with anyone', 'error', 11, ''),
(8, 'Welcome to convex Your password is : V7aowpLg Please do not share with anyone -Team convex6691', 'success', 23, ''),
(9, 'Welcome to convex Your password is : X0duzudN Please do not share with anyone -Team convex3933', 'success', 25, ''),
(10, 'Welcome to convex Your password is : O9mcCqeo Please do not share with anyone -Team convex1418', 'success', 26, ''),
(11, 'Welcome to convex Your password is : k0a0bddM Please do not share with anyone -Team convex', 'error', 28, ''),
(12, 'Welcome to convex Your password is : yYP9p1P5 Please do not share with anyone -Team convex', 'queued', 58, '{\"sid\":\"SMbb04b7147aa02e88cc0cfae8c33fba3f\",\"numSegments\":\"1\",\"direction\":\"outbound-api\",\"from\":\"+15736224181\",\"to\":\"+916354223790\",\"status\":\"queued\",\"apiVersion\":\"2010-04-01\"}');

-- --------------------------------------------------------

--
-- Table structure for table `states`
--

CREATE TABLE `states` (
  `id` int(11) NOT NULL,
  `name` varchar(255) NOT NULL,
  `status` int(11) NOT NULL
) ENGINE=InnoDB DEFAULT CHARSET=utf8mb4;

--
-- Dumping data for table `states`
--

INSERT INTO `states` (`id`, `name`, `status`) VALUES
(4006, 'Meghalaya', 1),
(4007, 'Haryana', 1),
(4008, 'Maharashtra', 1),
(4009, 'Goa', 1),
(4010, 'Manipur', 1),
(4011, 'Puducherry', 1),
(4012, 'Telangana', 1),
(4013, 'Odisha', 1),
(4014, 'Rajasthan', 1),
(4015, 'Punjab', 1),
(4016, 'Uttarakhand', 1),
(4017, 'Andhra Pradesh', 1),
(4018, 'Nagaland', 1),
(4019, 'Lakshadweep', 1),
(4020, 'Himachal Pradesh', 1),
(4021, 'Delhi', 1),
(4022, 'Uttar Pradesh', 1),
(4023, 'Andaman and Nicobar Islands', 1),
(4024, 'Arunachal Pradesh', 1),
(4025, 'Jharkhand', 1),
(4026, 'Karnataka', 1),
(4027, 'Assam', 1),
(4028, 'Kerala', 1),
(4029, 'Jammu and Kashmir', 1),
(4030, 'Gujarat', 1),
(4031, 'Chandigarh', 1),
(4033, 'Dadra and Nagar Haveli and Daman and Diu', 1),
(4034, 'Sikkim', 1),
(4035, 'Tamil Nadu', 1),
(4036, 'Mizoram', 1),
(4037, 'Bihar', 1),
(4038, 'Tripura', 1),
(4039, 'Madhya Pradesh', 1),
(4040, 'Chhattisgarh', 1),
(4852, 'Ladakh', 1),
(4853, 'West Bengal', 1);

-- --------------------------------------------------------

--
-- Table structure for table `user`
--

CREATE TABLE `user` (
  `id` int(11) NOT NULL,
  `username` varchar(255) CHARACTER SET utf8 COLLATE utf8_unicode_ci NOT NULL,
  `mobile_num` varchar(255) CHARACTER SET utf8 COLLATE utf8_unicode_ci DEFAULT NULL,
  `role_id` int(11) DEFAULT NULL,
  `auth_key` varchar(32) CHARACTER SET utf8 COLLATE utf8_unicode_ci DEFAULT NULL,
  `password_hash` varchar(255) CHARACTER SET utf8 COLLATE utf8_unicode_ci NOT NULL,
  `password_reset_token` varchar(255) CHARACTER SET utf8 COLLATE utf8_unicode_ci DEFAULT NULL,
  `email` varchar(255) CHARACTER SET utf8 COLLATE utf8_unicode_ci DEFAULT NULL,
  `status` smallint(6) NOT NULL DEFAULT 10,
  `created_at` int(11) DEFAULT current_timestamp(),
  `updated_at` int(11) NOT NULL DEFAULT current_timestamp(),
  `verification_token` varchar(255) CHARACTER SET utf8 COLLATE utf8_unicode_ci DEFAULT NULL
) ENGINE=InnoDB DEFAULT CHARSET=utf8;

--
-- Dumping data for table `user`
--

INSERT INTO `user` (`id`, `username`, `mobile_num`, `role_id`, `auth_key`, `password_hash`, `password_reset_token`, `email`, `status`, `created_at`, `updated_at`, `verification_token`) VALUES
(1, 'vivek', '1234567890', 1, '3qtgs0zwzSgExiwf7bTKruQqA-Z4SJg8', '$2y$13$OTru7oJAlVO41HgGF1GpbO6FV7FZoVwtJizuVDHwVcpU3rhm/fheK', NULL, 'vvvvv@gmail.com', 10, 0, 0, 'Y9kTq4QXCiU3YeDZDQxty8k1NodZfpWR_1672043414'),
(2, 'test', '676566', 1, 'BxoAdI03PnDvwYWSB9PBHjGiillVezst', '$2y$13$dEPoBjJzoBFscttwfPfZxOKlr1c.J7DBhoAHDQUDCWEtF6pW9gupC', NULL, 'test@testy.com', 10, 0, 0, 'LZr4StAhAWBNIW0WcfdPpxzxJXSWHqLF_1672064906'),
(3, 'newtest', NULL, 1, 'bOd8-pSDH0jsLDZMmMMLTBxDp0VGOAaX', '$2y$13$dEPoBjJzoBFscttwfPfZxOKlr1c.J7DBhoAHDQUDCWEtF6pW9gupC', NULL, 'test@new.com', 10, 0, 0, 'Z_WGC1w_Gj-SrOw4YuzUKTSpksfhZAKU_1672332806'),
(8, 'newtest', '1234560000', 1, '', '$2y$13$Hjz32.IoNVJEpcJSGUAYyOfNWgIDmgaVRiEKejDcd2xNbuJbClYca', NULL, NULL, 10, 0, 0, NULL),
(25, 'fdg', '1234567809', NULL, NULL, '$2y$13$pZ9r6upI6ALVmYflPXl32.o9Kkv15vfJe.ywGY7WX/aGCVHEyGhoG', NULL, NULL, 10, 0, 0, NULL),
(26, 'test', '1472589630', 4, NULL, '$2y$13$dESPdk9M4RTh4sujskW9PeLSrQqpmV75IJnSy222MY8mg7klLeyeK', NULL, NULL, 10, 0, 0, NULL),
(28, 'dnbskb', 'kkasgd', 4, NULL, '$2y$13$ZMUosuHXtK6F2z/XELfLy.2MfZ91q385IRmWYT5xyvSXPLkJxPivC', NULL, NULL, 10, 0, 0, NULL),
(39, 'testttt', '8562362521', 4, NULL, '$2y$13$hrysUW2UC7a2vq9e/56uxODZOuqDo33jO8Rcv6BIanUrWsaD3hhvi', NULL, NULL, 10, 0, 0, NULL),
(41, 'ghfrh', '7777777777', 4, NULL, '$2y$13$OTru7oJAlVO41HgGF1GpbO6FV7FZoVwtJizuVDHwVcpU3rhm/fheK', NULL, 'test@test.com', 10, 0, 0, NULL),
(42, 'Aayush', '7890877878', 4, NULL, '$2y$13$OTru7oJAlVO41HgGF1GpbO6FV7FZoVwtJizuVDHwVcpU3rhm/fheK', NULL, 'test@testry.com', 10, 0, 0, NULL),
(43, 'test d1', '9632587410', 5, NULL, '$2y$13$f.KT3bhfha22DTDJ1yzZ/uEPHWwC3VM08FhHfD/muAraM8QFXlPfq', NULL, 'ased@gmail.com', 10, 0, 0, NULL),
(47, 'test d1', '9652145214', 5, NULL, '$2y$13$UNFMGe7e3TbGqyxUM5tXweGUF5G7GLyk3JIbAeUrSgHVA5wriRXrS', NULL, 'tes@teye.com', 10, 0, 0, NULL),
(58, 'vivek sakhiya', '9999988888', 4, NULL, '$2y$13$OTru7oJAlVO41HgGF1GpbO6FV7FZoVwtJizuVDHwVcpU3rhm/fheK', NULL, 'test@test.cpm', 10, 0, 0, NULL),
(59, ',mcbsjf', '6320125212', 5, NULL, '$2y$13$R8CfqW0ckWzY7VOqTBDMOOWHkKUOpAit/6byxxyeHKU.QC3KwUUKW', NULL, 'kgfiugaf@fbgadjk.com', 10, 0, 0, NULL),
(60, 'kjdfkdgf', '9652145212', 5, NULL, '$2y$13$XjJYfmQfhbY1cFNu7O7vlOmkCyMhUVvSwBPTqhyM2p18sJ1k/36pq', NULL, 'kbkjdsgf@khgfhkdgf.com', 10, 0, 0, NULL),
(61, 'hssufg', '9652142512', 5, NULL, '$2y$13$jBuONOLtUGKUkV2e0tXTVO8lVbv74VuVtgbxL/RkmnakP3VjHkaa2', NULL, 'mxcvhjfv@hgsdhjsg.com', 10, 0, 0, NULL),
(62, 'bkjfbgdakj', '6325214125', 5, NULL, '$2y$13$OTru7oJAlVO41HgGF1GpbO6FV7FZoVwtJizuVDHwVcpU3rhm/fheK', NULL, 'mvjhv@jadg.com', 10, 1673031932, 1673031932, NULL),
(63, 'vivek sakhiya', '8545214125', 4, NULL, '$2y$13$tWIYT4OJ1GDViqHNFgAyD.vqeP2BA234EVFznYcO4lCTLSCt3k5tS', NULL, 'hwgrg@jhsfjg.com', 10, 1673071729, 1673071729, NULL),
(64, 'ddgdfgdf', '1478523690', 5, NULL, '$2y$13$OTru7oJAlVO41HgGF1GpbO6FV7FZoVwtJizuVDHwVcpU3rhm/fheK', NULL, 'aa@123.111', 10, 1673076182, 1673076182, NULL),
(65, 'Vivek', '1478963250', 3, NULL, '$2y$13$xNH.pyYqzZIBKcWDvWc0D.r61Vj8.8xlRL/55.7sKieEfjsdVXReS', NULL, 'aaaa@qwe.sfsd', 10, 1673080128, 1673080128, NULL),
(66, 'xxx', '1237894560', 6, NULL, '$2y$13$3EgyBzUkBpR7fUDmRWRV8.upbiFY2hdt2NwfEUbJGVnx9zqTLcIPC', NULL, NULL, 10, 1673084435, 1673084435, NULL),
(67, 'xcvxcv', '1478965230', 6, NULL, '$2y$13$NjQ4eb5nz/MyUynvhp61U.K4JBN.qDHZa2kNnS7iVy53C3or6VxYy', NULL, NULL, 10, 1673084530, 1673084530, NULL),
(68, 'vdv', '1010101010', 6, NULL, '$2y$13$FtOgMT8/7LHGzs9cj51MD.vs.UFG/nrh.gM2Zk8t8CUbOBFQLp4s6', NULL, NULL, 10, 1673089086, 1673089086, NULL);

--
-- Indexes for dumped tables
--

--
-- Indexes for table `city`
--
ALTER TABLE `city`
  ADD PRIMARY KEY (`id`);

--
-- Indexes for table `dealer`
--
ALTER TABLE `dealer`
  ADD PRIMARY KEY (`id`);

--
-- Indexes for table `distributor`
--
ALTER TABLE `distributor`
  ADD PRIMARY KEY (`id`);

--
-- Indexes for table `karigar`
--
ALTER TABLE `karigar`
  ADD PRIMARY KEY (`id`);

--
-- Indexes for table `migration`
--
ALTER TABLE `migration`
  ADD PRIMARY KEY (`version`);

--
-- Indexes for table `orders`
--
ALTER TABLE `orders`
  ADD PRIMARY KEY (`id`);

--
-- Indexes for table `products`
--
ALTER TABLE `products`
  ADD PRIMARY KEY (`id`);

--
-- Indexes for table `sales_officer`
--
ALTER TABLE `sales_officer`
  ADD PRIMARY KEY (`id`);

--
-- Indexes for table `sms_log`
--
ALTER TABLE `sms_log`
  ADD PRIMARY KEY (`id`);

--
-- Indexes for table `states`
--
ALTER TABLE `states`
  ADD PRIMARY KEY (`id`);

--
-- Indexes for table `user`
--
ALTER TABLE `user`
  ADD PRIMARY KEY (`id`),
  ADD UNIQUE KEY `email` (`email`),
  ADD UNIQUE KEY `password_reset_token` (`password_reset_token`),
  ADD UNIQUE KEY `mobile_num` (`mobile_num`);

--
-- AUTO_INCREMENT for dumped tables
--

--
-- AUTO_INCREMENT for table `city`
--
ALTER TABLE `city`
  MODIFY `id` int(11) NOT NULL AUTO_INCREMENT, AUTO_INCREMENT=4244;

--
-- AUTO_INCREMENT for table `dealer`
--
ALTER TABLE `dealer`
  MODIFY `id` bigint(20) NOT NULL AUTO_INCREMENT, AUTO_INCREMENT=8;

--
-- AUTO_INCREMENT for table `distributor`
--
ALTER TABLE `distributor`
  MODIFY `id` bigint(20) NOT NULL AUTO_INCREMENT, AUTO_INCREMENT=38;

--
-- AUTO_INCREMENT for table `karigar`
--
ALTER TABLE `karigar`
  MODIFY `id` int(11) NOT NULL AUTO_INCREMENT, AUTO_INCREMENT=4;

--
-- AUTO_INCREMENT for table `orders`
--
ALTER TABLE `orders`
  MODIFY `id` bigint(20) NOT NULL AUTO_INCREMENT, AUTO_INCREMENT=3;

--
-- AUTO_INCREMENT for table `products`
--
ALTER TABLE `products`
  MODIFY `id` int(10) NOT NULL AUTO_INCREMENT, AUTO_INCREMENT=2;

--
-- AUTO_INCREMENT for table `sales_officer`
--
ALTER TABLE `sales_officer`
  MODIFY `id` bigint(20) NOT NULL AUTO_INCREMENT, AUTO_INCREMENT=2;

--
-- AUTO_INCREMENT for table `sms_log`
--
ALTER TABLE `sms_log`
  MODIFY `id` bigint(20) NOT NULL AUTO_INCREMENT, AUTO_INCREMENT=13;

--
-- AUTO_INCREMENT for table `states`
--
ALTER TABLE `states`
  MODIFY `id` int(11) NOT NULL AUTO_INCREMENT, AUTO_INCREMENT=4854;

--
-- AUTO_INCREMENT for table `user`
--
ALTER TABLE `user`
  MODIFY `id` int(11) NOT NULL AUTO_INCREMENT, AUTO_INCREMENT=69;
COMMIT;

/*!40101 SET CHARACTER_SET_CLIENT=@OLD_CHARACTER_SET_CLIENT */;
/*!40101 SET CHARACTER_SET_RESULTS=@OLD_CHARACTER_SET_RESULTS */;
/*!40101 SET COLLATION_CONNECTION=@OLD_COLLATION_CONNECTION */;
